{
    "A": {
        "AAPL": {
            "sl_factor": 0.8,
            "total_profit": -767.8463671538416,
            "win_rate": 39.285714285714285,
            "avg_profit": -13.711542270604317,
            "sharpe": -0.16083336272453808,
            "num_trades": 56,
            "sl_hit_rate": 12.5
        },
        "MSFT": {
            "sl_factor": 0.6,
            "total_profit": -466.8623028413336,
            "win_rate": 46.478873239436616,
            "avg_profit": -6.575525392131459,
            "sharpe": -0.08381995798941397,
            "num_trades": 71,
            "sl_hit_rate": 22.535211267605636
        },
        "GOOGL": {
            "sl_factor": 0.8,
            "total_profit": -540.0274600660064,
            "win_rate": 44.827586206896555,
            "avg_profit": -9.310818277000116,
            "sharpe": -0.07759884854382271,
            "num_trades": 58,
            "sl_hit_rate": 17.24137931034483
        },
        "AMZN": {
            "sl_factor": 0.5,
            "total_profit": -1471.2990028381344,
            "win_rate": 27.450980392156865,
            "avg_profit": -28.849000055649686,
            "sharpe": -0.2456003243909636,
            "num_trades": 51,
            "sl_hit_rate": 43.13725490196079
        },
        "META": {
            "sl_factor": 0.3,
            "total_profit": -1385.3971656472518,
            "win_rate": 26.08695652173913,
            "avg_profit": -30.117329687983734,
            "sharpe": -0.3433626084810155,
            "num_trades": 46,
            "sl_hit_rate": 58.69565217391305
        },
        "NVDA": {
            "sl_factor": 0.3,
            "total_profit": 622.9879749218022,
            "win_rate": 39.285714285714285,
            "avg_profit": 11.124785266460748,
            "sharpe": 0.07301054907708926,
            "num_trades": 56,
            "sl_hit_rate": 55.35714285714286
        },
        "SPY": {
            "sl_factor": 0.8,
            "total_profit": -2442.9387277293745,
            "win_rate": 30.973451327433626,
            "avg_profit": -21.61892679406526,
            "sharpe": -0.4652894220609423,
            "num_trades": 113,
            "sl_hit_rate": 17.699115044247787
        },
        "QQQ": {
            "sl_factor": 0.4,
            "total_profit": -1412.719524558915,
            "win_rate": 40.44943820224719,
            "avg_profit": -15.87325308493163,
            "sharpe": -0.29216451622245754,
            "num_trades": 89,
            "sl_hit_rate": 46.06741573033708
        }
    },
    "B": {
        "AAPL": {
            "sl_factor": 0.8,
            "total_profit": -69.55166294490945,
            "win_rate": 50.0,
            "avg_profit": -1.7387915736227313,
            "sharpe": -0.008335506703423557,
            "num_trades": 40,
            "sl_hit_rate": 35.0
        },
        "MSFT": {
            "sl_factor": 0.3,
            "total_profit": -181.25424341826,
            "win_rate": 33.33333333333333,
            "avg_profit": -5.034840094951663,
            "sharpe": -0.045793681461820744,
            "num_trades": 36,
            "sl_hit_rate": 61.111111111111114
        },
        "GOOGL": {
            "sl_factor": 0.8,
            "total_profit": -402.6245510783306,
            "win_rate": 47.72727272727273,
            "avg_profit": -9.15055797905297,
            "sharpe": -0.056824912951395974,
            "num_trades": 44,
            "sl_hit_rate": 25.0
        },
        "AMZN": {
            "sl_factor": 0.3,
            "total_profit": -185.10629470825353,
            "win_rate": 35.13513513513514,
            "avg_profit": -5.0028728299528025,
            "sharpe": -0.02992332513303658,
            "num_trades": 37,
            "sl_hit_rate": 62.16216216216216
        },
        "META": {
            "sl_factor": 0.8,
            "total_profit": -1851.9948769944497,
            "win_rate": 38.23529411764706,
            "avg_profit": -54.47043755866029,
            "sharpe": -0.2860744093651694,
            "num_trades": 34,
            "sl_hit_rate": 29.411764705882355
        },
        "NVDA": {
            "sl_factor": 0.3,
            "total_profit": -2217.4970162978807,
            "win_rate": 21.428571428571427,
            "avg_profit": -79.1963220106386,
            "sharpe": -0.5208778978085019,
            "num_trades": 28,
            "sl_hit_rate": 78.57142857142857
        },
        "SPY": {
            "sl_factor": 0.4,
            "total_profit": -833.0400490328847,
            "win_rate": 28.125,
            "avg_profit": -26.032501532277642,
            "sharpe": -0.3081301856835729,
            "num_trades": 32,
            "sl_hit_rate": 59.375
        },
        "QQQ": {
            "sl_factor": 0.7,
            "total_profit": -898.4747639077499,
            "win_rate": 41.66666666666667,
            "avg_profit": -24.957632330770828,
            "sharpe": -0.20483747425780735,
            "num_trades": 36,
            "sl_hit_rate": 33.33333333333333
        }
    },
    "V": {
        "TSLA": {
            "sl_factor": 0.4,
            "total_profit": 983.9914865112332,
            "win_rate": 35.9375,
            "avg_profit": 15.374866976738017,
            "sharpe": 0.0605493433695709,
            "num_trades": 64,
            "sl_hit_rate": 59.375
        },
        "AMD": {
            "sl_factor": 0.8,
            "total_profit": -2999.720137634276,
            "win_rate": 41.37931034482759,
            "avg_profit": -51.71931271783236,
            "sharpe": -0.2824105330104151,
            "num_trades": 58,
            "sl_hit_rate": 29.310344827586203
        },
        "PLTR": {
            "sl_factor": 0.3,
            "total_profit": -1745.909637784958,
            "win_rate": 29.411764705882355,
            "avg_profit": -17.116761154754485,
            "sharpe": -0.08240284270779197,
            "num_trades": 102,
            "sl_hit_rate": 66.66666666666666
        },
        "NFLX": {
            "sl_factor": 0.7,
            "total_profit": 999.186280632018,
            "win_rate": 50.602409638554214,
            "avg_profit": 12.038388923277319,
            "sharpe": 0.08921093743922291,
            "num_trades": 83,
            "sl_hit_rate": 19.27710843373494
        },
        "AVGO": {
            "sl_factor": 0.7,
            "total_profit": -196.5691605266772,
            "win_rate": 49.23076923076923,
            "avg_profit": -3.0241409311796517,
            "sharpe": -0.015543162390544327,
            "num_trades": 65,
            "sl_hit_rate": 29.230769230769234
        },
        "SMCI": {
            "sl_factor": 0.8,
            "total_profit": -2339.9423970031735,
            "win_rate": 41.86046511627907,
            "avg_profit": -54.41726504658543,
            "sharpe": -0.12464898854850312,
            "num_trades": 43,
            "sl_hit_rate": 41.86046511627907
        }
    },
    "M": {
        "TSLA": {
            "sl_factor": 0.4,
            "total_profit": -2109.8933557128926,
            "win_rate": 39.18269230769231,
            "avg_profit": -5.07185902815599,
            "sharpe": -0.019016740166892542,
            "num_trades": 416,
            "sl_hit_rate": 49.75961538461539
        },
        "AMD": {
            "sl_factor": 0.4,
            "total_profit": -8613.585257720944,
            "win_rate": 38.70192307692308,
            "avg_profit": -20.705733792598412,
            "sharpe": -0.09687680778164527,
            "num_trades": 416,
            "sl_hit_rate": 50.72115384615385
        },
        "PLTR": {
            "sl_factor": 0.7,
            "total_profit": 5067.50856826782,
            "win_rate": 48.79807692307692,
            "avg_profit": 12.181510981413028,
            "sharpe": 0.039261653729207154,
            "num_trades": 416,
            "sl_hit_rate": 25.240384615384613
        },
        "NFLX": {
            "sl_factor": 0.5,
            "total_profit": -2630.6266800880376,