{
  "timestamp": "2026-03-10T23:19:12.396436",
  "strategies": {
    "A": {
      "name": "Mean Reversion",
      "metrics": {
        "total_profit": 1335.6399999999996,
        "total_return_pct": 13.356399999999995,
        "num_trades": 75,
        "win_rate": 62.66666666666667,
        "avg_win": 99.97574468085105,
        "avg_loss": -120.11500000000002,
        "sharpe_ratio": 2.0757260037396423,
        "max_drawdown_pct": 7.184918275878832,
        "profit_factor": 0.832333552685768
      }
    },
    "B": {
      "name": "Volume Breakout",
      "metrics": {
        "total_profit": -3877.27,
        "total_return_pct": -38.7727,
        "num_trades": 75,
        "win_rate": 36.0,
        "avg_win": 134.39444444444442,
        "avg_loss": -156.37333333333333,
        "sharpe_ratio": -4.602297978283377,
        "max_drawdown_pct": 41.761976619313295,
        "profit_factor": 0.8594460550250111
      }
    },
    "V": {
      "name": "Trend Breakout",
      "metrics": {
        "total_profit": 2757.7200000000003,
        "total_return_pct": 27.5772,
        "num_trades": 75,
        "win_rate": 58.666666666666664,
        "avg_win": 163.28954545454548,
        "avg_loss": -142.80709677419355,
        "sharpe_ratio": 2.44386866341832,
        "max_drawdown_pct": 9.11259112591126,
        "profit_factor": 1.1434273866146776
      }
    },
    "M": {
      "name": "Momentum",
      "metrics": {
        "total_profit": 6156.719999999998,
        "total_return_pct": 61.567199999999985,
        "num_trades": 61,
        "win_rate": 47.540983606557376,
        "avg_win": 460.8489655172414,
        "avg_loss": -225.246875,
        "sharpe_ratio": 3.3847648889212043,
        "max_drawdown_pct": 10.97293107519798,
        "profit_factor": 2.045972737767134
      }
    }
  },
  "signals": {
    "A": [
      {
        "ticker": "TRI",
        "action": "Long",
        "allocation_usd": 10000,
        "sl_factor": 0.8,
        "z_score": 0.1,
        "prev_return_pct": null,
        "vol_ratio": 0.78,
        "ticker_group": "BIG + ETF"
      },
      {
        "ticker": "PWR",
        "action": "Long",
        "allocation_usd": 10000,
        "sl_factor": 1.6,
        "z_score": 0.05,
        "prev_return_pct": null,
        "vol_ratio": 1.39,
        "ticker_group": "BIG + ETF"
      },
      {
        "ticker": "WM",
        "action": "Long",
        "allocation_usd": 10000,
        "sl_factor": 0.8,
        "z_score": 0.04,
        "prev_return_pct": null,
        "vol_ratio": 1.28,
        "ticker_group": "BIG + ETF"
      }
    ],
    "B": [
      {
        "ticker": "MUFG",
        "action": "Long",
        "allocation_usd": 10000,
        "sl_factor": 3.2,
        "z_score": 0.13,
        "prev_return_pct": null,
        "vol_ratio": 1.58,
        "ticker_group": "BIG + ETF"
      },
      {
        "ticker": "ABT",
        "action": "Long",
        "allocation_usd": 10000,
        "sl_factor": 3.2,
        "z_score": 0.12,
        "prev_return_pct": null,
        "vol_ratio": 1.53,
        "ticker_group": "BIG + ETF"
      },
      {
        "ticker": "VRT",
        "action": "Long",
        "allocation_usd": 10000,
        "sl_factor": 0.4,
        "z_score": 0.09,
        "prev_return_pct": null,
        "vol_ratio": 2.63,
        "ticker_group": "BIG + ETF"
      }
    ],
    "V": [
      {
        "ticker": "MORN",
        "action": "Long",
        "allocation_usd": 10000,
        "sl_factor": 1.6,
        "z_score": 0.17,
        "prev_return_pct": null,
        "vol_ratio": 0.76,
        "ticker_group": "SMALL"
      },
      {
        "ticker": "BZLFY",
        "action": "Long",
        "allocation_usd": 10000,
        "sl_factor": 3.2,
        "z_score": 0.15,
        "prev_return_pct": null,
        "vol_ratio": 0.26,
        "ticker_group": "SMALL"
      },
      {
        "ticker": "BSY",
        "action": "Long",
        "allocation_usd": 10000,
        "sl_factor": 1.6,
        "z_score": 0.11,
        "prev_return_pct": null,
        "vol_ratio": 0.57,
        "ticker_group": "SMALL"
      }
    ],
    "M": [
      {
        "ticker": "BBIO",
        "action": "Long",
        "allocation_usd": 10000,
        "sl_factor": 3.2,
        "z_score": null,
        "prev_return_pct": 11.59,
        "vol_ratio": 0.55,
        "ticker_group": "SMALL"
      },
      {
        "ticker": "NIO",
        "action": "Long",
        "allocation_usd": 10000,
        "sl_factor": 3.2,
        "z_score": null,
        "prev_return_pct": 8.37,
        "vol_ratio": 1.21,
        "ticker_group": "SMALL"
      },
      {
        "ticker": "CASY",
        "action": "Long",
        "allocation_usd": 10000,
        "sl_factor": 3.2,
        "z_score": null,
        "prev_return_pct": 5.98,
        "vol_ratio": 2.01,
        "ticker_group": "SMALL"
      }
    ]
  },
  "equity": {
    "A": [
      {
        "date": "2026-02-04",
        "equity": 10223.69
      },
      {
        "date": "2026-02-05",
        "equity": 10148.22
      },
      {
        "date": "2026-02-06",
        "equity": 10481.13
      },
      {
        "date": "2026-02-09",
        "equity": 10206.79
      },
      {
        "date": "2026-02-10",
        "equity": 10245.09
      },
      {
        "date": "2026-02-11",
        "equity": 10426.64
      },
      {
        "date": "2026-02-12",
        "equity": 10131.24
      },
      {
        "date": "2026-02-13",
        "equity": 10159.72
      },
      {
        "date": "2026-02-17",
        "equity": 10320.54
      },
      {
        "date": "2026-02-18",
        "equity": 9739.3
      },
      {
        "date": "2026-02-19",
        "equity": 9758.81
      },
      {
        "date": "2026-02-20",
        "equity": 9954.86
      },
      {
        "date": "2026-02-23",
        "equity": 10139.63
      },
      {
        "date": "2026-02-24",
        "equity": 10144.94
      },
      {
        "date": "2026-02-25",
        "equity": 10307.57
      },
      {
        "date": "2026-02-26",
        "equity": 10100.67
      },
      {
        "date": "2026-02-27",
        "equity": 9894.49
      },
      {
        "date": "2026-03-02",
        "equity": 10268.6
      },
      {
        "date": "2026-03-03",
        "equity": 10666.57
      },
      {
        "date": "2026-03-04",
        "equity": 10929.57
      },
      {
        "date": "2026-03-05",
        "equity": 10829.24
      },
      {
        "date": "2026-03-06",
        "equity": 11313.46
      },
      {
        "date": "2026-03-09",
        "equity": 11729.39
      },
      {
        "date": "2026-03-10",
        "equity": 11335.64
      }
    ],
    "B": [
      {
        "date": "2026-02-04",
        "equity": 9854.95
      },
      {
        "date": "2026-02-05",
        "equity": 9611.16
      },
      {
        "date": "2026-02-06",
        "equity": 9423.96
      },
      {
        "date": "2026-02-09",
        "equity": 9525.54
      },
      {
        "date": "2026-02-10",
        "equity": 9881.98
      },
      {
        "date": "2026-02-11",
        "equity": 9875.26
      },
      {
        "date": "2026-02-12",
        "equity": 9624.72
      },
      {
        "date": "2026-02-13",
        "equity": 9382.86
      },
      {
        "date": "2026-02-17",
        "equity": 8656.33
      },
      {
        "date": "2026-02-18",
        "equity": 8728.65
      },
      {
        "date": "2026-02-19",
        "equity": 8883.86
      },
      {
        "date": "2026-02-20",
        "equity": 8920.06
      },
      {
        "date": "2026-02-23",
        "equity": 9108.93
      },
      {
        "date": "2026-02-24",
        "equity": 8561.84
      },
      {
        "date": "2026-02-25",
        "equity": 8258.26
      },
      {
        "date": "2026-02-26",
        "equity": 8142.34
      },
      {
        "date": "2026-02-27",
        "equity": 7770.65
      },
      {
        "date": "2026-03-02",