{
  "timestamp": "2026-02-05T10:50:56.616168",
  "strategies": {
    "A": {
      "name": "Mean Reversion",
      "metrics": {
        "total_profit": 559.52,
        "total_return_pct": 5.595199999999999,
        "num_trades": 6,
        "win_rate": 66.66666666666666,
        "avg_win": 154.265,
        "avg_loss": -28.77,
        "sharpe_ratio": 16.033836898309897,
        "max_drawdown_pct": 0.2806155790902732,
        "profit_factor": 5.362009037191519
      }
    },
    "B": {
      "name": "Volume Breakout",
      "metrics": {
        "total_profit": -458.02,
        "total_return_pct": -4.5802,
        "num_trades": 6,
        "win_rate": 16.666666666666664,
        "avg_win": 74.16,
        "avg_loss": -106.43599999999999,
        "sharpe_ratio": -17.89493182363648,
        "max_drawdown_pct": 4.2964389414614415,
        "profit_factor": 0.6967567364425571
      }
    },
    "V": {
      "name": "Trend Breakout",
      "metrics": {
        "total_profit": -401.68,
        "total_return_pct": -4.0168,
        "num_trades": 6,
        "win_rate": 0.0,
        "avg_win": 0,
        "avg_loss": -66.94666666666667,
        "sharpe_ratio": -23.09736501179042,
        "max_drawdown_pct": 3.997599519903984,
        "profit_factor": 0.0
      }
    },
    "M": {
      "name": "Momentum",
      "metrics": {
        "total_profit": 2900.0000000000005,
        "total_return_pct": 29.000000000000004,
        "num_trades": 4,
        "win_rate": 75.0,
        "avg_win": 1017.8600000000001,
        "avg_loss": -153.58,
        "sharpe_ratio": 22.68608624539885,
        "max_drawdown_pct": 1.176535479155909,
        "profit_factor": 6.627555671311369
      }
    }
  },
  "signals": {
    "A": [
      {
        "ticker": "AAPL",
        "action": "Long",
        "allocation_usd": 10000,
        "sl_factor": 3.2,
        "z_score": 0.18,
        "prev_return_pct": null,
        "vol_ratio": 1.18,
        "ticker_group": "BIG + ETF"
      },
      {
        "ticker": "CM",
        "action": "Long",
        "allocation_usd": 10000,
        "sl_factor": 3.2,
        "z_score": 0.16,
        "prev_return_pct": null,
        "vol_ratio": 0.78,
        "ticker_group": "BIG + ETF"
      },
      {
        "ticker": "CARR",
        "action": "Long",
        "allocation_usd": 10000,
        "sl_factor": 0.4,
        "z_score": 0.14,
        "prev_return_pct": null,
        "vol_ratio": 1.1,
        "ticker_group": "BIG + ETF"
      }
    ],
    "B": [
      {
        "ticker": "RELX",
        "action": "Long",
        "allocation_usd": 10000,
        "sl_factor": 0.4,
        "z_score": 0.19,
        "prev_return_pct": null,
        "vol_ratio": 2.54,
        "ticker_group": "BIG + ETF"
      },
      {
        "ticker": "CME",
        "action": "Long",
        "allocation_usd": 10000,
        "sl_factor": 0.6,
        "z_score": 0.15,
        "prev_return_pct": null,
        "vol_ratio": 1.82,
        "ticker_group": "BIG + ETF"
      },
      {
        "ticker": "BX",
        "action": "Short",
        "allocation_usd": 10000,
        "sl_factor": 1.6,
        "z_score": 0.14,
        "prev_return_pct": null,
        "vol_ratio": 2.64,
        "ticker_group": "BIG + ETF"
      }
    ],
    "V": [
      {
        "ticker": "CRRFY",
        "action": "Long",
        "allocation_usd": 10000,
        "sl_factor": 1.6,
        "z_score": 0.15,
        "prev_return_pct": null,
        "vol_ratio": 0.68,
        "ticker_group": "SMALL"
      },
      {
        "ticker": "ASR",
        "action": "Long",
        "allocation_usd": 10000,
        "sl_factor": 0.4,
        "z_score": 0.1,
        "prev_return_pct": null,
        "vol_ratio": 1.29,
        "ticker_group": "SMALL"
      },
      {
        "ticker": "HNGKY",
        "action": "Long",
        "allocation_usd": 10000,
        "sl_factor": 0.4,
        "z_score": 0.08,
        "prev_return_pct": null,
        "vol_ratio": 0.55,
        "ticker_group": "SMALL"
      }
    ],
    "M": [
      {
        "ticker": "FTV",
        "action": "Long",
        "allocation_usd": 10000,
        "sl_factor": 3.2,
        "z_score": null,
        "prev_return_pct": 10.33,
        "vol_ratio": 1.65,
        "ticker_group": "SMALL"
      },
      {
        "ticker": "CAVA",
        "action": "Long",
        "allocation_usd": 10000,
        "sl_factor": 1.6,
        "z_score": null,
        "prev_return_pct": 10.03,
        "vol_ratio": 0.87,
        "ticker_group": "SMALL"
      },
      {
        "ticker": "NYT",
        "action": "Long",
        "allocation_usd": 10000,
        "sl_factor": 0.6,
        "z_score": null,
        "prev_return_pct": 8.47,
        "vol_ratio": 3.1,
        "ticker_group": "SMALL"
      }
    ]
  },
  "equity": {
    "A": [
      {
        "date": "2026-02-04",
        "equity": 10559.52
      }
    ],
    "B": [
      {
        "date": "2026-02-04",
        "equity": 9541.98
      }
    ],
    "V": [
      {
        "date": "2026-02-04",
        "equity": 9598.32
      }
    ],
    "M": [
      {
        "date": "2026-02-04",
        "equity": 12900.0
      }
    ]
  }
}