{
  "timestamp": "2026-03-12T23:19:03.906410",
  "strategies": {
    "A": {
      "name": "Mean Reversion",
      "metrics": {
        "total_profit": 1241.56,
        "total_return_pct": 12.4156,
        "num_trades": 81,
        "win_rate": 61.72839506172839,
        "avg_win": 97.21099999999998,
        "avg_loss": -116.74161290322583,
        "sharpe_ratio": 1.8234405816804915,
        "max_drawdown_pct": 7.184918275878832,
        "profit_factor": 0.832702218022155
      }
    },
    "B": {
      "name": "Volume Breakout",
      "metrics": {
        "total_profit": -3969.88,
        "total_return_pct": -39.6988,
        "num_trades": 81,
        "win_rate": 37.03703703703704,
        "avg_win": 132.90833333333333,
        "avg_loss": -156.02215686274508,
        "sharpe_ratio": -4.346825202313392,
        "max_drawdown_pct": 41.761976619313295,
        "profit_factor": 0.8518555056911224
      }
    },
    "V": {
      "name": "Trend Breakout",
      "metrics": {
        "total_profit": 1616.3000000000002,
        "total_return_pct": 16.163000000000004,
        "num_trades": 81,
        "win_rate": 56.79012345679012,
        "avg_win": 157.4126086956522,
        "avg_loss": -160.70514285714287,
        "sharpe_ratio": 1.3048856405247944,
        "max_drawdown_pct": 14.471824141647971,
        "profit_factor": 0.9795119552308446
      }
    },
    "M": {
      "name": "Momentum",
      "metrics": {
        "total_profit": 5317.460000000001,
        "total_return_pct": 53.174600000000005,
        "num_trades": 66,
        "win_rate": 45.45454545454545,
        "avg_win": 448.64066666666673,
        "avg_loss": -226.15999999999997,
        "sharpe_ratio": 2.7631421778788257,
        "max_drawdown_pct": 13.998736775976592,
        "profit_factor": 1.9837312816884807
      }
    }
  },
  "signals": {
    "A": [
      {
        "ticker": "CNQ",
        "action": "Long",
        "allocation_usd": 10000,
        "sl_factor": 0.6,
        "z_score": 0.1,
        "prev_return_pct": null,
        "vol_ratio": 0.93,
        "ticker_group": "BIG + ETF"
      },
      {
        "ticker": "ORCL",
        "action": "Long",
        "allocation_usd": 10000,
        "sl_factor": 0.6,
        "z_score": 0.08,
        "prev_return_pct": null,
        "vol_ratio": 2.92,
        "ticker_group": "BIG + ETF"
      },
      {
        "ticker": "MPC",
        "action": "Long",
        "allocation_usd": 10000,
        "sl_factor": 0.8,
        "z_score": 0.04,
        "prev_return_pct": null,
        "vol_ratio": 0.87,
        "ticker_group": "BIG + ETF"
      }
    ],
    "B": [
      {
        "ticker": "ORCL",
        "action": "Short",
        "allocation_usd": 10000,
        "sl_factor": 1.6,
        "z_score": 0.11,
        "prev_return_pct": null,
        "vol_ratio": 2.92,
        "ticker_group": "BIG + ETF"
      },
      {
        "ticker": "CTAS",
        "action": "Long",
        "allocation_usd": 10000,
        "sl_factor": 0.4,
        "z_score": 0.09,
        "prev_return_pct": null,
        "vol_ratio": 2.43,
        "ticker_group": "BIG + ETF"
      },
      {
        "ticker": "SYK",
        "action": "Short",
        "allocation_usd": 10000,
        "sl_factor": 0.4,
        "z_score": 0.01,
        "prev_return_pct": null,
        "vol_ratio": 2.18,
        "ticker_group": "BIG + ETF"
      }
    ],
    "V": [
      {
        "ticker": "HIMS",
        "action": "Long",
        "allocation_usd": 10000,
        "sl_factor": 0.8,
        "z_score": 0.12,
        "prev_return_pct": null,
        "vol_ratio": 2.44,
        "ticker_group": "SMALL"
      },
      {
        "ticker": "FRHC",
        "action": "Long",
        "allocation_usd": 10000,
        "sl_factor": 0.6,
        "z_score": 0.09,
        "prev_return_pct": null,
        "vol_ratio": 0.62,
        "ticker_group": "SMALL"
      },
      {
        "ticker": "COKE",
        "action": "Long",
        "allocation_usd": 10000,
        "sl_factor": 1.6,
        "z_score": 0.09,
        "prev_return_pct": null,
        "vol_ratio": 0.71,
        "ticker_group": "SMALL"
      }
    ],
    "M": [
      {
        "ticker": "CKHGF",
        "action": "Long",
        "allocation_usd": 10000,
        "sl_factor": 0.4,
        "z_score": null,
        "prev_return_pct": 99.64,
        "vol_ratio": 0.0,
        "ticker_group": "SMALL"
      },
      {
        "ticker": "LYB",
        "action": "Long",
        "allocation_usd": 10000,
        "sl_factor": 0.4,
        "z_score": null,
        "prev_return_pct": 7.44,
        "vol_ratio": 1.09,
        "ticker_group": "SMALL"
      },
      {
        "ticker": "WLK",
        "action": "Long",
        "allocation_usd": 10000,
        "sl_factor": 3.2,
        "z_score": null,
        "prev_return_pct": 6.51,
        "vol_ratio": 0.77,
        "ticker_group": "SMALL"
      }
    ]
  },
  "equity": {
    "A": [
      {
        "date": "2026-02-04",
        "equity": 10223.69
      },
      {
        "date": "2026-02-05",
        "equity": 10148.22
      },
      {
        "date": "2026-02-06",
        "equity": 10481.13
      },
      {
        "date": "2026-02-09",
        "equity": 10206.79
      },
      {
        "date": "2026-02-10",
        "equity": 10245.09
      },
      {
        "date": "2026-02-11",
        "equity": 10426.64
      },
      {
        "date": "2026-02-12",
        "equity": 10131.24
      },
      {
        "date": "2026-02-13",
        "equity": 10159.72
      },
      {
        "date": "2026-02-17",
        "equity": 10320.54
      },
      {
        "date": "2026-02-18",
        "equity": 9739.3
      },
      {
        "date": "2026-02-19",
        "equity": 9758.81
      },
      {
        "date": "2026-02-20",
        "equity": 9954.86
      },
      {
        "date": "2026-02-23",
        "equity": 10139.63
      },
      {
        "date": "2026-02-24",
        "equity": 10144.94
      },
      {
        "date": "2026-02-25",
        "equity": 10307.57
      },
      {
        "date": "2026-02-26",
        "equity": 10100.67
      },
      {
        "date": "2026-02-27",
        "equity": 9894.49
      },
      {
        "date": "2026-03-02",
        "equity": 10268.6
      },
      {
        "date": "2026-03-03",
        "equity": 10666.57
      },
      {
        "date": "2026-03-04",
        "equity": 10929.57
      },
      {
        "date": "2026-03-05",
        "equity": 10829.24
      },
      {
        "date": "2026-03-06",
        "equity": 11313.46
      },
      {
        "date": "2026-03-09",
        "equity": 11729.39
      },
      {
        "date": "2026-03-10",
        "equity": 11335.64
      },
      {
        "date": "2026-03-11",
        "equity": 11346.45
      },
      {
        "date": "2026-03-12",
        "equity": 11241.56
      }
    ],
    "B": [
      {
        "date": "2026-02-04",
        "equity": 9854.95
      },
      {
        "date": "2026-02-05",
        "equity": 9611.16
      },
      {
        "date": "2026-02-06",
        "equity": 9423.96
      },
      {
        "date": "2026-02-09",
        "equity": 9525.54
      },
      {
        "date": "2026-02-10",
        "equity": 9881.98
      },
      {
        "date": "2026-02-11",
        "equity": 9875.26
      },
      {
        "date": "2026-02-12",
        "equity": 9624.72
      },
      {
        "date": "2026-02-13",
        "equity": 9382.86
      },
      {
        "date": "2026-02-17",
        "equity": 8656.33
      },
      {
        "date": "2026-02-18",
        "equity": 8728.65
      },
      {
        "date": "2026-02-19",
        "equity": 8883.86
      },
      {
        "date": "2026-02-20",
        "equity": 8920.06
      },
      {
        "date": "2026-02-23",
        "equity": 9108.93
      },
      {
        "date": "2026-02-24",
        "equity": 8561.84
      },
      {
        "date": "2026-02-25",
        "equity": 8258.26
      },
      {
        "date": "2026-02-26",