{
  "timestamp": "2026-03-17T23:24:07.448569",
  "strategies": {
    "A": {
      "name": "Mean Reversion",
      "metrics": {
        "total_profit": 884.1699999999997,
        "total_return_pct": 8.841699999999996,
        "num_trades": 90,
        "win_rate": 60.0,
        "avg_win": 94.2511111111111,
        "avg_loss": -116.81638888888887,
        "sharpe_ratio": 1.1819531483131793,
        "max_drawdown_pct": 7.621450772100818,
        "profit_factor": 0.8068312332506618
      }
    },
    "B": {
      "name": "Volume Breakout",
      "metrics": {
        "total_profit": -4092.9600000000005,
        "total_return_pct": -40.92960000000001,
        "num_trades": 90,
        "win_rate": 36.666666666666664,
        "avg_win": 132.64545454545453,
        "avg_loss": -148.601052631579,
        "sharpe_ratio": -4.144694717203792,
        "max_drawdown_pct": 41.761976619313295,
        "profit_factor": 0.8926279605455919
      }
    },
    "V": {
      "name": "Trend Breakout",
      "metrics": {
        "total_profit": 1693.3700000000003,
        "total_return_pct": 16.933700000000005,
        "num_trades": 90,
        "win_rate": 55.55555555555556,
        "avg_win": 160.56220000000002,
        "avg_loss": -158.36849999999998,
        "sharpe_ratio": 1.2586733583400531,
        "max_drawdown_pct": 14.658470428159962,
        "profit_factor": 1.013851870795013
      }
    },
    "M": {
      "name": "Momentum",
      "metrics": {
        "total_profit": 5924.389999999999,
        "total_return_pct": 59.2439,
        "num_trades": 74,
        "win_rate": 45.94594594594595,
        "avg_win": 429.0326470588236,
        "avg_loss": -216.56799999999998,
        "sharpe_ratio": 2.8647260541633024,
        "max_drawdown_pct": 16.407449632049268,
        "profit_factor": 1.9810528197093922
      }
    }
  },
  "signals": {
    "A": [
      {
        "ticker": "CPNG",
        "action": "Long",
        "allocation_usd": 10000,
        "sl_factor": 1.6,
        "z_score": 0.19,
        "prev_return_pct": null,
        "vol_ratio": 1.43,
        "ticker_group": "BIG + ETF"
      },
      {
        "ticker": "BAESY",
        "action": "Long",
        "allocation_usd": 10000,
        "sl_factor": 0.6,
        "z_score": 0.15,
        "prev_return_pct": null,
        "vol_ratio": 0.53,
        "ticker_group": "BIG + ETF"
      },
      {
        "ticker": "CNQ",
        "action": "Long",
        "allocation_usd": 10000,
        "sl_factor": 0.6,
        "z_score": 0.1,
        "prev_return_pct": null,
        "vol_ratio": 1.08,
        "ticker_group": "BIG + ETF"
      }
    ],
    "B": [
      {
        "ticker": "IFNNY",
        "action": "Long",
        "allocation_usd": 10000,
        "sl_factor": 0.4,
        "z_score": 0.07,
        "prev_return_pct": null,
        "vol_ratio": 2.04,
        "ticker_group": "BIG + ETF"
      },
      {
        "ticker": "PSA",
        "action": "Short",
        "allocation_usd": 10000,
        "sl_factor": 0.4,
        "z_score": 0.02,
        "prev_return_pct": null,
        "vol_ratio": 3.11,
        "ticker_group": "BIG + ETF"
      },
      {
        "ticker": "ADBE",
        "action": "Long",
        "allocation_usd": 10000,
        "sl_factor": 1.6,
        "z_score": -0.03,
        "prev_return_pct": null,
        "vol_ratio": 1.81,
        "ticker_group": "BIG + ETF"
      }
    ],
    "V": [
      {
        "ticker": "NPXYY",
        "action": "Long",
        "allocation_usd": 10000,
        "sl_factor": 1.6,
        "z_score": 0.36,
        "prev_return_pct": null,
        "vol_ratio": 1.54,
        "ticker_group": "SMALL"
      },
      {
        "ticker": "COKE",
        "action": "Long",
        "allocation_usd": 10000,
        "sl_factor": 1.6,
        "z_score": 0.08,
        "prev_return_pct": null,
        "vol_ratio": 0.93,
        "ticker_group": "SMALL"
      },
      {
        "ticker": "EMA",
        "action": "Long",
        "allocation_usd": 10000,
        "sl_factor": 0.4,
        "z_score": 0.07,
        "prev_return_pct": null,
        "vol_ratio": 0.92,
        "ticker_group": "SMALL"
      }
    ],
    "M": [
      {
        "ticker": "RKLB",
        "action": "Long",
        "allocation_usd": 10000,
        "sl_factor": 1.6,
        "z_score": null,
        "prev_return_pct": 9.84,
        "vol_ratio": 0.99,
        "ticker_group": "SMALL"
      },
      {
        "ticker": "ESLT",
        "action": "Long",
        "allocation_usd": 10000,
        "sl_factor": 3.2,
        "z_score": null,
        "prev_return_pct": 8.62,
        "vol_ratio": 1.04,
        "ticker_group": "SMALL"
      },
      {
        "ticker": "ASTS",
        "action": "Long",
        "allocation_usd": 10000,
        "sl_factor": 1.6,
        "z_score": null,
        "prev_return_pct": 6.56,
        "vol_ratio": 0.67,
        "ticker_group": "SMALL"
      }
    ]
  },
  "equity": {
    "A": [
      {
        "date": "2026-02-04",
        "equity": 10223.69
      },
      {
        "date": "2026-02-05",
        "equity": 10148.22
      },
      {
        "date": "2026-02-06",
        "equity": 10481.13
      },
      {
        "date": "2026-02-09",
        "equity": 10206.79
      },
      {
        "date": "2026-02-10",
        "equity": 10245.09
      },
      {
        "date": "2026-02-11",
        "equity": 10426.64
      },
      {
        "date": "2026-02-12",
        "equity": 10131.24
      },
      {
        "date": "2026-02-13",
        "equity": 10159.72
      },
      {
        "date": "2026-02-17",
        "equity": 10320.54
      },
      {
        "date": "2026-02-18",
        "equity": 9739.3
      },
      {
        "date": "2026-02-19",
        "equity": 9758.81
      },
      {
        "date": "2026-02-20",
        "equity": 9954.86
      },
      {
        "date": "2026-02-23",
        "equity": 10139.63
      },
      {
        "date": "2026-02-24",
        "equity": 10144.94
      },
      {
        "date": "2026-02-25",
        "equity": 10307.57
      },
      {
        "date": "2026-02-26",
        "equity": 10100.67
      },
      {
        "date": "2026-02-27",
        "equity": 9894.49
      },
      {
        "date": "2026-03-02",
        "equity": 10268.6
      },
      {
        "date": "2026-03-03",
        "equity": 10666.57
      },
      {
        "date": "2026-03-04",
        "equity": 10929.57
      },
      {
        "date": "2026-03-05",
        "equity": 10829.24
      },
      {
        "date": "2026-03-06",
        "equity": 11313.46
      },
      {
        "date": "2026-03-09",
        "equity": 11729.39
      },
      {
        "date": "2026-03-10",
        "equity": 11335.64
      },
      {
        "date": "2026-03-11",
        "equity": 11346.45
      },
      {
        "date": "2026-03-12",
        "equity": 11241.56
      },
      {
        "date": "2026-03-13",
        "equity": 10987.7
      },
      {
        "date": "2026-03-16",
        "equity": 11084.47
      },
      {
        "date": "2026-03-17",
        "equity": 10884.17
      }
    ],
    "B": [
      {
        "date": "2026-02-04",
        "equity": 9854.95
      },
      {
        "date": "2026-02-05",
        "equity": 9611.16
      },
      {
        "date": "2026-02-06",
        "equity": 9423.96
      },
      {
        "date": "2026-02-09",
        "equity": 9525.54
      },
      {
        "date": "2026-02-10",
        "equity": 9881.98
      },
      {
        "date": "2026-02-11",
        "equity": 9875.26
      },
      {
        "date": "2026-02-12",
        "equity": 9624.72
      },
      {
        "date": "2026-02-13",
        "equity": 9382.86
      },
      {
        "date": "2026-02-17",
        "equity": 8656.33
      },
      {
        "date": "2026-02-18",
        "equity": 8728.65
      },
      {
        "date": "2026-02-19",
        "equity": 8883.86
      },
      {
        "date": "2026-02-20",
        "equity": 8920.06
      },
      {
        "date": "2026-02-23",