{
  "timestamp": "2026-03-05T23:46:54.837751",
  "strategies": {
    "A": {
      "name": "Mean Reversion",
      "metrics": {
        "total_profit": 829.2399999999997,
        "total_return_pct": 8.292399999999997,
        "num_trades": 66,
        "win_rate": 62.121212121212125,
        "avg_win": 90.16365853658536,
        "avg_loss": -114.6988,
        "sharpe_ratio": 1.608400517307345,
        "max_drawdown_pct": 7.184918275878832,
        "profit_factor": 0.7860906874054947
      }
    },
    "B": {
      "name": "Volume Breakout",
      "metrics": {
        "total_profit": -3623.9900000000002,
        "total_return_pct": -36.239900000000006,
        "num_trades": 66,
        "win_rate": 34.84848484848485,
        "avg_win": 140.69695652173914,
        "avg_loss": -159.5353488372093,
        "sharpe_ratio": -4.751623680723817,
        "max_drawdown_pct": 36.949969444120306,
        "profit_factor": 0.8819171271271486
      }
    },
    "V": {
      "name": "Trend Breakout",
      "metrics": {
        "total_profit": 3079.71,
        "total_return_pct": 30.7971,
        "num_trades": 66,
        "win_rate": 59.09090909090909,
        "avg_win": 168.15230769230772,
        "avg_loss": -128.82333333333335,
        "sharpe_ratio": 3.0608007070928505,
        "max_drawdown_pct": 9.11259112591126,
        "profit_factor": 1.3052938729446608
      }
    },
    "M": {
      "name": "Momentum",
      "metrics": {
        "total_profit": 5815.31,
        "total_return_pct": 58.1531,
        "num_trades": 55,
        "win_rate": 45.45454545454545,
        "avg_win": 505.2148,
        "avg_loss": -227.16866666666664,
        "sharpe_ratio": 3.3955482236435115,
        "max_drawdown_pct": 10.65170156727911,
        "profit_factor": 2.2239633987081557
      }
    }
  },
  "signals": {
    "A": [
      {
        "ticker": "BAESY",
        "action": "Long",
        "allocation_usd": 10000,
        "sl_factor": 0.6,
        "z_score": 0.15,
        "prev_return_pct": null,
        "vol_ratio": 1.57,
        "ticker_group": "BIG + ETF"
      },
      {
        "ticker": "TRI",
        "action": "Long",
        "allocation_usd": 10000,
        "sl_factor": 0.8,
        "z_score": 0.1,
        "prev_return_pct": null,
        "vol_ratio": 0.61,
        "ticker_group": "BIG + ETF"
      },
      {
        "ticker": "PSA",
        "action": "Long",
        "allocation_usd": 10000,
        "sl_factor": 0.8,
        "z_score": 0.09,
        "prev_return_pct": null,
        "vol_ratio": 0.78,
        "ticker_group": "BIG + ETF"
      }
    ],
    "B": [
      {
        "ticker": "ROST",
        "action": "Short",
        "allocation_usd": 10000,
        "sl_factor": 0.6,
        "z_score": 0.1,
        "prev_return_pct": null,
        "vol_ratio": 2.78,
        "ticker_group": "BIG + ETF"
      },
      {
        "ticker": "BAESY",
        "action": "Long",
        "allocation_usd": 10000,
        "sl_factor": 3.2,
        "z_score": 0.09,
        "prev_return_pct": null,
        "vol_ratio": 1.57,
        "ticker_group": "BIG + ETF"
      },
      {
        "ticker": "SE",
        "action": "Long",
        "allocation_usd": 10000,
        "sl_factor": 0.4,
        "z_score": 0.08,
        "prev_return_pct": null,
        "vol_ratio": 1.55,
        "ticker_group": "BIG + ETF"
      }
    ],
    "V": [
      {
        "ticker": "THC",
        "action": "Long",
        "allocation_usd": 10000,
        "sl_factor": 1.6,
        "z_score": 0.12,
        "prev_return_pct": null,
        "vol_ratio": 0.93,
        "ticker_group": "SMALL"
      },
      {
        "ticker": "BSY",
        "action": "Long",
        "allocation_usd": 10000,
        "sl_factor": 1.6,
        "z_score": 0.1,
        "prev_return_pct": null,
        "vol_ratio": 0.66,
        "ticker_group": "SMALL"
      },
      {
        "ticker": "FRHC",
        "action": "Long",
        "allocation_usd": 10000,
        "sl_factor": 0.6,
        "z_score": 0.09,
        "prev_return_pct": null,
        "vol_ratio": 0.53,
        "ticker_group": "SMALL"
      }
    ],
    "M": [
      {
        "ticker": "NJDCY",
        "action": "Long",
        "allocation_usd": 10000,
        "sl_factor": 0.4,
        "z_score": null,
        "prev_return_pct": 17.54,
        "vol_ratio": 2.05,
        "ticker_group": "SMALL"
      },
      {
        "ticker": "OKTA",
        "action": "Long",
        "allocation_usd": 10000,
        "sl_factor": 1.6,
        "z_score": null,
        "prev_return_pct": 9.41,
        "vol_ratio": 1.9,
        "ticker_group": "SMALL"
      },
      {
        "ticker": "SAIL",
        "action": "Long",
        "allocation_usd": 10000,
        "sl_factor": 3.2,
        "z_score": null,
        "prev_return_pct": 8.95,
        "vol_ratio": 1.23,
        "ticker_group": "SMALL"
      }
    ]
  },
  "equity": {
    "A": [
      {
        "date": "2026-02-04",
        "equity": 10223.69
      },
      {
        "date": "2026-02-05",
        "equity": 10148.22
      },
      {
        "date": "2026-02-06",
        "equity": 10481.13
      },
      {
        "date": "2026-02-09",
        "equity": 10206.79
      },
      {
        "date": "2026-02-10",
        "equity": 10245.09
      },
      {
        "date": "2026-02-11",
        "equity": 10426.64
      },
      {
        "date": "2026-02-12",
        "equity": 10131.24
      },
      {
        "date": "2026-02-13",
        "equity": 10159.72
      },
      {
        "date": "2026-02-17",
        "equity": 10320.54
      },
      {
        "date": "2026-02-18",
        "equity": 9739.3
      },
      {
        "date": "2026-02-19",
        "equity": 9758.81
      },
      {
        "date": "2026-02-20",
        "equity": 9954.86
      },
      {
        "date": "2026-02-23",
        "equity": 10139.63
      },
      {
        "date": "2026-02-24",
        "equity": 10144.94
      },
      {
        "date": "2026-02-25",
        "equity": 10307.57
      },
      {
        "date": "2026-02-26",
        "equity": 10100.67
      },
      {
        "date": "2026-02-27",
        "equity": 9894.49
      },
      {
        "date": "2026-03-02",
        "equity": 10268.6
      },
      {
        "date": "2026-03-03",
        "equity": 10666.57
      },
      {
        "date": "2026-03-04",
        "equity": 10929.57
      },
      {
        "date": "2026-03-05",
        "equity": 10829.24
      }
    ],
    "B": [
      {
        "date": "2026-02-04",
        "equity": 9854.95
      },
      {
        "date": "2026-02-05",
        "equity": 9611.16
      },
      {
        "date": "2026-02-06",
        "equity": 9423.96
      },
      {
        "date": "2026-02-09",
        "equity": 9525.54
      },
      {
        "date": "2026-02-10",
        "equity": 9881.98
      },
      {
        "date": "2026-02-11",
        "equity": 9875.26
      },
      {
        "date": "2026-02-12",
        "equity": 9624.72
      },
      {
        "date": "2026-02-13",
        "equity": 9382.86
      },
      {
        "date": "2026-02-17",
        "equity": 8656.33
      },
      {
        "date": "2026-02-18",
        "equity": 8728.65
      },
      {
        "date": "2026-02-19",
        "equity": 8883.86
      },
      {
        "date": "2026-02-20",
        "equity": 8920.06
      },
      {
        "date": "2026-02-23",
        "equity": 9108.93
      },
      {
        "date": "2026-02-24",
        "equity": 8561.84
      },
      {
        "date": "2026-02-25",
        "equity": 8258.26
      },
      {
        "date": "2026-02-26",
        "equity": 8142.34
      },
      {
        "date": "2026-02-27",
        "equity": 7770.65
      },
      {
        "date": "2026-03-02",
        "equity": 7326.24
      },
      {
        "date": "2026-03-03",
        "equity": 6568.26
      },
      {
        "date": "2026-03-04",
        "equity": 6759.3
      },
      {
        "date": "2026-03-05",
        "equity": 6376.01
      }
    ],