{
  "timestamp": "2026-03-27T23:23:02.965006",
  "strategies": {
    "A": {
      "name": "Mean Reversion",
      "metrics": {
        "total_profit": 559.8199999999993,
        "total_return_pct": 5.598199999999993,
        "num_trades": 112,
        "win_rate": 56.25,
        "avg_win": 113.41444444444447,
        "avg_loss": -134.39367346938775,
        "sharpe_ratio": 0.4760936213519949,
        "max_drawdown_pct": 15.742980477230798,
        "profit_factor": 0.8438971978117561
      }
    },
    "B": {
      "name": "Volume Breakout",
      "metrics": {
        "total_profit": -3665.7200000000003,
        "total_return_pct": -36.6572,
        "num_trades": 114,
        "win_rate": 39.473684210526315,
        "avg_win": 136.63133333333332,
        "avg_loss": -142.233768115942,
        "sharpe_ratio": -2.883599696782129,
        "max_drawdown_pct": 43.95942891159759,
        "profit_factor": 0.9606110781088084
      }
    },
    "V": {
      "name": "Trend Breakout",
      "metrics": {
        "total_profit": 1419.6600000000003,
        "total_return_pct": 14.196600000000004,
        "num_trades": 114,
        "win_rate": 53.50877192982456,
        "avg_win": 155.6281967213115,
        "avg_loss": -152.33320754716982,
        "sharpe_ratio": 0.8786273310417075,
        "max_drawdown_pct": 18.80577300277429,
        "profit_factor": 1.021630143730292
      }
    },
    "M": {
      "name": "Momentum",
      "metrics": {
        "total_profit": 3634.8300000000004,
        "total_return_pct": 36.34830000000001,
        "num_trades": 97,
        "win_rate": 44.329896907216494,
        "avg_win": 402.0690697674419,
        "avg_loss": -252.85444444444445,
        "sharpe_ratio": 1.3357833246829847,
        "max_drawdown_pct": 26.56431313041149,
        "profit_factor": 1.5901206350192587
      }
    }
  },
  "signals": {
    "A": [
      {
        "ticker": "CTVA",
        "action": "Long",
        "allocation_usd": 10000,
        "sl_factor": 3.2,
        "z_score": 0.06,
        "prev_return_pct": null,
        "vol_ratio": 0.72,
        "ticker_group": "BIG + ETF"
      },
      {
        "ticker": "MPC",
        "action": "Long",
        "allocation_usd": 10000,
        "sl_factor": 0.8,
        "z_score": 0.03,
        "prev_return_pct": null,
        "vol_ratio": 0.62,
        "ticker_group": "BIG + ETF"
      },
      {
        "ticker": "PFE",
        "action": "Long",
        "allocation_usd": 10000,
        "sl_factor": 3.2,
        "z_score": 0.02,
        "prev_return_pct": null,
        "vol_ratio": 0.68,
        "ticker_group": "BIG + ETF"
      }
    ],
    "B": [
      {
        "ticker": "MGCLY",
        "action": "Short",
        "allocation_usd": 10000,
        "sl_factor": 3.2,
        "z_score": 0.3,
        "prev_return_pct": null,
        "vol_ratio": 1.79,
        "ticker_group": "BIG + ETF"
      },
      {
        "ticker": "CARR",
        "action": "Short",
        "allocation_usd": 10000,
        "sl_factor": 0.4,
        "z_score": 0.08,
        "prev_return_pct": null,
        "vol_ratio": 1.7,
        "ticker_group": "BIG + ETF"
      },
      {
        "ticker": "CP",
        "action": "Short",
        "allocation_usd": 10000,
        "sl_factor": 0.4,
        "z_score": 0.06,
        "prev_return_pct": null,
        "vol_ratio": 1.53,
        "ticker_group": "BIG + ETF"
      }
    ],
    "V": [
      {
        "ticker": "SMMT",
        "action": "Long",
        "allocation_usd": 10000,
        "sl_factor": 0.4,
        "z_score": 0.13,
        "prev_return_pct": null,
        "vol_ratio": 1.72,
        "ticker_group": "SMALL"
      },
      {
        "ticker": "FRHC",
        "action": "Long",
        "allocation_usd": 10000,
        "sl_factor": 0.6,
        "z_score": 0.09,
        "prev_return_pct": null,
        "vol_ratio": 1.47,
        "ticker_group": "SMALL"
      },
      {
        "ticker": "FFIV",
        "action": "Long",
        "allocation_usd": 10000,
        "sl_factor": 3.2,
        "z_score": 0.04,
        "prev_return_pct": null,
        "vol_ratio": 0.83,
        "ticker_group": "SMALL"
      }
    ],
    "M": [
      {
        "ticker": "PAAS",
        "action": "Long",
        "allocation_usd": 10000,
        "sl_factor": 0.8,
        "z_score": null,
        "prev_return_pct": 5.75,
        "vol_ratio": 0.77,
        "ticker_group": "SMALL"
      },
      {
        "ticker": "AGI",
        "action": "Long",
        "allocation_usd": 10000,
        "sl_factor": 1.6,
        "z_score": null,
        "prev_return_pct": 5.53,
        "vol_ratio": 0.75,
        "ticker_group": "SMALL"
      },
      {
        "ticker": "SQM",
        "action": "Long",
        "allocation_usd": 10000,
        "sl_factor": 0.4,
        "z_score": null,
        "prev_return_pct": 5.35,
        "vol_ratio": 0.67,
        "ticker_group": "SMALL"
      }
    ]
  },
  "equity": {
    "A": [
      {
        "date": "2026-02-04",
        "equity": 10223.69
      },
      {
        "date": "2026-02-05",
        "equity": 10148.22
      },
      {
        "date": "2026-02-06",
        "equity": 10481.13
      },
      {
        "date": "2026-02-09",
        "equity": 10206.79
      },
      {
        "date": "2026-02-10",
        "equity": 10245.09
      },
      {
        "date": "2026-02-11",
        "equity": 10426.64
      },
      {
        "date": "2026-02-12",
        "equity": 10131.24
      },
      {
        "date": "2026-02-13",
        "equity": 10159.72
      },
      {
        "date": "2026-02-17",
        "equity": 10320.54
      },
      {
        "date": "2026-02-18",
        "equity": 9739.3
      },
      {
        "date": "2026-02-19",
        "equity": 9758.81
      },
      {
        "date": "2026-02-20",
        "equity": 9954.86
      },
      {
        "date": "2026-02-23",
        "equity": 10139.63
      },
      {
        "date": "2026-02-24",
        "equity": 10144.94
      },
      {
        "date": "2026-02-25",
        "equity": 10307.57
      },
      {
        "date": "2026-02-26",
        "equity": 10100.67
      },
      {
        "date": "2026-02-27",
        "equity": 9894.49
      },
      {
        "date": "2026-03-02",
        "equity": 10268.6
      },
      {
        "date": "2026-03-03",
        "equity": 10666.57
      },
      {
        "date": "2026-03-04",
        "equity": 10929.57
      },
      {
        "date": "2026-03-05",
        "equity": 10829.24
      },
      {
        "date": "2026-03-06",
        "equity": 11313.46
      },
      {
        "date": "2026-03-09",
        "equity": 11729.39
      },
      {
        "date": "2026-03-10",
        "equity": 11335.64
      },
      {
        "date": "2026-03-11",
        "equity": 11346.45
      },
      {
        "date": "2026-03-12",
        "equity": 11241.56
      },
      {
        "date": "2026-03-13",
        "equity": 10987.7
      },
      {
        "date": "2026-03-16",
        "equity": 11084.47
      },
      {
        "date": "2026-03-17",
        "equity": 10884.17
      },
      {
        "date": "2026-03-18",
        "equity": 10460.28
      },
      {
        "date": "2026-03-19",
        "equity": 10596.0
      },
      {
        "date": "2026-03-20",
        "equity": 9927.28
      },
      {
        "date": "2026-03-23",
        "equity": 10602.74
      },
      {
        "date": "2026-03-24",
        "equity": 11336.53
      },
      {
        "date": "2026-03-25",
        "equity": 11151.9
      },
      {
        "date": "2026-03-26",
        "equity": 10766.33
      },
      {
        "date": "2026-03-27",
        "equity": 10559.82
      }
    ],
    "B": [
      {
        "date": "2026-02-04",
        "equity": 9854.95
      },
      {
        "date": "2026-02-05",
        "equity": 9611.16
      },
      {
        "date": "2026-02-06",
        "equity": 9423.96
      },
      {
        "date": "2026-02-09",
        "equity": 9525.54
      },
      {
        "date": "2026-02-10",