{
  "timestamp": "2026-02-18T23:20:38.384580",
  "strategies": {
    "A": {
      "name": "Mean Reversion",
      "metrics": {
        "total_profit": -260.70000000000005,
        "total_return_pct": -2.607,
        "num_trades": 33,
        "win_rate": 60.60606060606061,
        "avg_win": 73.07399999999998,
        "avg_loss": -132.4753846153846,
        "sharpe_ratio": -1.0472940947571634,
        "max_drawdown_pct": 7.184918275878832,
        "profit_factor": 0.5516043619133888
      }
    },
    "B": {
      "name": "Volume Breakout",
      "metrics": {
        "total_profit": -1271.3500000000001,
        "total_return_pct": -12.713500000000003,
        "num_trades": 33,
        "win_rate": 42.42424242424242,
        "avg_win": 146.5471428571429,
        "avg_loss": -174.89526315789476,
        "sharpe_ratio": -3.101757876948237,
        "max_drawdown_pct": 14.400719101479135,
        "profit_factor": 0.8379137331171782
      }
    },
    "V": {
      "name": "Trend Breakout",
      "metrics": {
        "total_profit": 874.48,
        "total_return_pct": 8.7448,
        "num_trades": 33,
        "win_rate": 57.57575757575758,
        "avg_win": 144.82368421052632,
        "avg_loss": -134.08357142857142,
        "sharpe_ratio": 2.1631592114876694,
        "max_drawdown_pct": 9.11259112591126,
        "profit_factor": 1.0801001395437646
      }
    },
    "M": {
      "name": "Momentum",
      "metrics": {
        "total_profit": 6870.91,
        "total_return_pct": 68.7091,
        "num_trades": 27,
        "win_rate": 51.85185185185185,
        "avg_win": 673.0592857142857,
        "avg_loss": -196.30153846153846,
        "sharpe_ratio": 6.933366869476868,
        "max_drawdown_pct": 9.43957064840574,
        "profit_factor": 3.428701022871295
      }
    }
  },
  "signals": {
    "A": [
      {
        "ticker": "MGCLY",
        "action": "Long",
        "allocation_usd": 10000,
        "sl_factor": 0.8,
        "z_score": 1.62,
        "prev_return_pct": null,
        "vol_ratio": 1.26,
        "ticker_group": "BIG + ETF"
      },
      {
        "ticker": "SPG",
        "action": "Long",
        "allocation_usd": 10000,
        "sl_factor": 3.2,
        "z_score": 0.12,
        "prev_return_pct": null,
        "vol_ratio": 0.96,
        "ticker_group": "BIG + ETF"
      },
      {
        "ticker": "AMT",
        "action": "Long",
        "allocation_usd": 10000,
        "sl_factor": 3.2,
        "z_score": 0.1,
        "prev_return_pct": null,
        "vol_ratio": 0.91,
        "ticker_group": "BIG + ETF"
      }
    ],
    "B": [
      {
        "ticker": "DHR",
        "action": "Long",
        "allocation_usd": 10000,
        "sl_factor": 0.4,
        "z_score": 0.09,
        "prev_return_pct": null,
        "vol_ratio": 1.78,
        "ticker_group": "BIG + ETF"
      },
      {
        "ticker": "PSA",
        "action": "Short",
        "allocation_usd": 10000,
        "sl_factor": 0.4,
        "z_score": 0.02,
        "prev_return_pct": null,
        "vol_ratio": 1.57,
        "ticker_group": "BIG + ETF"
      },
      {
        "ticker": "MFG",
        "action": "Long",
        "allocation_usd": 10000,
        "sl_factor": 0.8,
        "z_score": 0.02,
        "prev_return_pct": null,
        "vol_ratio": 1.56,
        "ticker_group": "BIG + ETF"
      }
    ],
    "V": [
      {
        "ticker": "NCLTY",
        "action": "Long",
        "allocation_usd": 10000,
        "sl_factor": 3.2,
        "z_score": 0.22,
        "prev_return_pct": null,
        "vol_ratio": 4.76,
        "ticker_group": "SMALL"
      },
      {
        "ticker": "RDEIY",
        "action": "Long",
        "allocation_usd": 10000,
        "sl_factor": 3.2,
        "z_score": 0.14,
        "prev_return_pct": null,
        "vol_ratio": 0.48,
        "ticker_group": "SMALL"
      },
      {
        "ticker": "TPL",
        "action": "Long",
        "allocation_usd": 10000,
        "sl_factor": 0.8,
        "z_score": 0.12,
        "prev_return_pct": null,
        "vol_ratio": 1.83,
        "ticker_group": "SMALL"
      }
    ],
    "M": [
      {
        "ticker": "NJDCY",
        "action": "Long",
        "allocation_usd": 10000,
        "sl_factor": 0.4,
        "z_score": null,
        "prev_return_pct": 9.97,
        "vol_ratio": 0.15,
        "ticker_group": "SMALL"
      },
      {
        "ticker": "ICLR",
        "action": "Long",
        "allocation_usd": 10000,
        "sl_factor": 3.2,
        "z_score": null,
        "prev_return_pct": 8.11,
        "vol_ratio": 1.68,
        "ticker_group": "SMALL"
      },
      {
        "ticker": "MGM",
        "action": "Long",
        "allocation_usd": 10000,
        "sl_factor": 0.4,
        "z_score": null,
        "prev_return_pct": 7.61,
        "vol_ratio": 0.75,
        "ticker_group": "SMALL"
      }
    ]
  },
  "equity": {
    "A": [
      {
        "date": "2026-02-04",
        "equity": 10223.69
      },
      {
        "date": "2026-02-05",
        "equity": 10148.22
      },
      {
        "date": "2026-02-06",
        "equity": 10481.13
      },
      {
        "date": "2026-02-09",
        "equity": 10206.79
      },
      {
        "date": "2026-02-10",
        "equity": 10245.09
      },
      {
        "date": "2026-02-11",
        "equity": 10426.64
      },
      {
        "date": "2026-02-12",
        "equity": 10131.24
      },
      {
        "date": "2026-02-13",
        "equity": 10159.72
      },
      {
        "date": "2026-02-17",
        "equity": 10320.54
      },
      {
        "date": "2026-02-18",
        "equity": 9739.3
      }
    ],
    "B": [
      {
        "date": "2026-02-04",
        "equity": 9854.95
      },
      {
        "date": "2026-02-05",
        "equity": 9611.16
      },
      {
        "date": "2026-02-06",
        "equity": 9423.96
      },
      {
        "date": "2026-02-09",
        "equity": 9525.54
      },
      {
        "date": "2026-02-10",
        "equity": 9881.98
      },
      {
        "date": "2026-02-11",
        "equity": 9875.26
      },
      {
        "date": "2026-02-12",
        "equity": 9624.72
      },
      {
        "date": "2026-02-13",
        "equity": 9382.86
      },
      {
        "date": "2026-02-17",
        "equity": 8656.33
      },
      {
        "date": "2026-02-18",
        "equity": 8728.65
      }
    ],
    "V": [
      {
        "date": "2026-02-04",
        "equity": 9799.16
      },
      {
        "date": "2026-02-05",
        "equity": 9920.44
      },
      {
        "date": "2026-02-06",
        "equity": 10105.91
      },
      {
        "date": "2026-02-09",
        "equity": 10444.34
      },
      {
        "date": "2026-02-10",
        "equity": 10165.12
      },
      {
        "date": "2026-02-11",
        "equity": 10110.51
      },
      {
        "date": "2026-02-12",
        "equity": 9492.59
      },
      {
        "date": "2026-02-13",
        "equity": 11144.28
      },
      {
        "date": "2026-02-17",
        "equity": 11266.36
      },
      {
        "date": "2026-02-18",
        "equity": 10874.48
      }
    ],
    "M": [
      {
        "date": "2026-02-04",
        "equity": 11024.63
      },
      {
        "date": "2026-02-05",
        "equity": 14892.66
      },
      {
        "date": "2026-02-06",
        "equity": 15431.03
      },
      {
        "date": "2026-02-09",
        "equity": 16065.03
      },
      {
        "date": "2026-02-10",
        "equity": 15591.44
      },
      {
        "date": "2026-02-11",
        "equity": 14731.16
      },
      {
        "date": "2026-02-12",
        "equity": 14770.59
      },
      {
        "date": "2026-02-13",
        "equity": 17092.42
      },
      {
        "date": "2026-02-17",
        "equity": 17068.7
      },
      {
        "date": "2026-02-18",
        "equity": 16870.91
      }
    ]
  }
}