{
  "timestamp": "2026-03-09T23:19:04.484079",
  "strategies": {
    "A": {
      "name": "Mean Reversion",
      "metrics": {
        "total_profit": 1729.3899999999996,
        "total_return_pct": 17.293899999999994,
        "num_trades": 72,
        "win_rate": 63.888888888888886,
        "avg_win": 101.00239130434782,
        "avg_loss": -112.18153846153847,
        "sharpe_ratio": 2.9363998147256307,
        "max_drawdown_pct": 7.184918275878832,
        "profit_factor": 0.9003477104120531
      }
    },
    "B": {
      "name": "Volume Breakout",
      "metrics": {
        "total_profit": -4027.16,
        "total_return_pct": -40.2716,
        "num_trades": 72,
        "win_rate": 34.72222222222222,
        "avg_win": 135.8124,
        "avg_loss": -157.92489361702127,
        "sharpe_ratio": -4.951960948482126,
        "max_drawdown_pct": 40.936770095187995,
        "profit_factor": 0.8599809497377557
      }
    },
    "V": {
      "name": "Trend Breakout",
      "metrics": {
        "total_profit": 3287.32,
        "total_return_pct": 32.873200000000004,
        "num_trades": 72,
        "win_rate": 59.72222222222222,
        "avg_win": 166.0172093023256,
        "avg_loss": -132.80758620689656,
        "sharpe_ratio": 3.0547207776476664,
        "max_drawdown_pct": 9.11259112591126,
        "profit_factor": 1.250058178481558
      }
    },
    "M": {
      "name": "Momentum",
      "metrics": {
        "total_profit": 5758.449999999999,
        "total_return_pct": 57.58449999999999,
        "num_trades": 59,
        "win_rate": 45.76271186440678,
        "avg_win": 480.2351851851852,
        "avg_loss": -225.246875,
        "sharpe_ratio": 3.221381261886077,
        "max_drawdown_pct": 10.97293107519798,
        "profit_factor": 2.1320392799464374
      }
    }
  },
  "signals": {
    "A": [
      {
        "ticker": "CNQ",
        "action": "Long",
        "allocation_usd": 10000,
        "sl_factor": 0.6,
        "z_score": 0.1,
        "prev_return_pct": null,
        "vol_ratio": 1.5,
        "ticker_group": "BIG + ETF"
      },
      {
        "ticker": "TRI",
        "action": "Long",
        "allocation_usd": 10000,
        "sl_factor": 0.8,
        "z_score": 0.1,
        "prev_return_pct": null,
        "vol_ratio": 0.83,
        "ticker_group": "BIG + ETF"
      },
      {
        "ticker": "SO",
        "action": "Long",
        "allocation_usd": 10000,
        "sl_factor": 0.8,
        "z_score": 0.08,
        "prev_return_pct": null,
        "vol_ratio": 0.79,
        "ticker_group": "BIG + ETF"
      }
    ],
    "B": [
      {
        "ticker": "MGCLY",
        "action": "Long",
        "allocation_usd": 10000,
        "sl_factor": 3.2,
        "z_score": 0.22,
        "prev_return_pct": null,
        "vol_ratio": 2.03,
        "ticker_group": "BIG + ETF"
      },
      {
        "ticker": "AMX",
        "action": "Short",
        "allocation_usd": 10000,
        "sl_factor": 0.4,
        "z_score": 0.12,
        "prev_return_pct": null,
        "vol_ratio": 1.61,
        "ticker_group": "BIG + ETF"
      },
      {
        "ticker": "PBR",
        "action": "Long",
        "allocation_usd": 10000,
        "sl_factor": 0.6,
        "z_score": 0.04,
        "prev_return_pct": null,
        "vol_ratio": 1.73,
        "ticker_group": "BIG + ETF"
      }
    ],
    "V": [
      {
        "ticker": "BSY",
        "action": "Long",
        "allocation_usd": 10000,
        "sl_factor": 1.6,
        "z_score": 0.11,
        "prev_return_pct": null,
        "vol_ratio": 0.66,
        "ticker_group": "SMALL"
      },
      {
        "ticker": "IOT",
        "action": "Long",
        "allocation_usd": 10000,
        "sl_factor": 3.2,
        "z_score": 0.11,
        "prev_return_pct": null,
        "vol_ratio": 3.4,
        "ticker_group": "SMALL"
      },
      {
        "ticker": "FRHC",
        "action": "Long",
        "allocation_usd": 10000,
        "sl_factor": 0.6,
        "z_score": 0.09,
        "prev_return_pct": null,
        "vol_ratio": 0.67,
        "ticker_group": "SMALL"
      }
    ],
    "M": [
      {
        "ticker": "BE",
        "action": "Long",
        "allocation_usd": 10000,
        "sl_factor": 0.4,
        "z_score": null,
        "prev_return_pct": 12.46,
        "vol_ratio": 1.33,
        "ticker_group": "SMALL"
      },
      {
        "ticker": "TER",
        "action": "Long",
        "allocation_usd": 10000,
        "sl_factor": 0.6,
        "z_score": null,
        "prev_return_pct": 11.44,
        "vol_ratio": 1.66,
        "ticker_group": "SMALL"
      },
      {
        "ticker": "CSXXY",
        "action": "Long",
        "allocation_usd": 10000,
        "sl_factor": 0.4,
        "z_score": null,
        "prev_return_pct": 10.45,
        "vol_ratio": 2.92,
        "ticker_group": "SMALL"
      }
    ]
  },
  "equity": {
    "A": [
      {
        "date": "2026-02-04",
        "equity": 10223.69
      },
      {
        "date": "2026-02-05",
        "equity": 10148.22
      },
      {
        "date": "2026-02-06",
        "equity": 10481.13
      },
      {
        "date": "2026-02-09",
        "equity": 10206.79
      },
      {
        "date": "2026-02-10",
        "equity": 10245.09
      },
      {
        "date": "2026-02-11",
        "equity": 10426.64
      },
      {
        "date": "2026-02-12",
        "equity": 10131.24
      },
      {
        "date": "2026-02-13",
        "equity": 10159.72
      },
      {
        "date": "2026-02-17",
        "equity": 10320.54
      },
      {
        "date": "2026-02-18",
        "equity": 9739.3
      },
      {
        "date": "2026-02-19",
        "equity": 9758.81
      },
      {
        "date": "2026-02-20",
        "equity": 9954.86
      },
      {
        "date": "2026-02-23",
        "equity": 10139.63
      },
      {
        "date": "2026-02-24",
        "equity": 10144.94
      },
      {
        "date": "2026-02-25",
        "equity": 10307.57
      },
      {
        "date": "2026-02-26",
        "equity": 10100.67
      },
      {
        "date": "2026-02-27",
        "equity": 9894.49
      },
      {
        "date": "2026-03-02",
        "equity": 10268.6
      },
      {
        "date": "2026-03-03",
        "equity": 10666.57
      },
      {
        "date": "2026-03-04",
        "equity": 10929.57
      },
      {
        "date": "2026-03-05",
        "equity": 10829.24
      },
      {
        "date": "2026-03-06",
        "equity": 11313.46
      },
      {
        "date": "2026-03-09",
        "equity": 11729.39
      }
    ],
    "B": [
      {
        "date": "2026-02-04",
        "equity": 9854.95
      },
      {
        "date": "2026-02-05",
        "equity": 9611.16
      },
      {
        "date": "2026-02-06",
        "equity": 9423.96
      },
      {
        "date": "2026-02-09",
        "equity": 9525.54
      },
      {
        "date": "2026-02-10",
        "equity": 9881.98
      },
      {
        "date": "2026-02-11",
        "equity": 9875.26
      },
      {
        "date": "2026-02-12",
        "equity": 9624.72
      },
      {
        "date": "2026-02-13",
        "equity": 9382.86
      },
      {
        "date": "2026-02-17",
        "equity": 8656.33
      },
      {
        "date": "2026-02-18",
        "equity": 8728.65
      },
      {
        "date": "2026-02-19",
        "equity": 8883.86
      },
      {
        "date": "2026-02-20",
        "equity": 8920.06
      },
      {
        "date": "2026-02-23",
        "equity": 9108.93
      },
      {
        "date": "2026-02-24",
        "equity": 8561.84
      },
      {
        "date": "2026-02-25",
        "equity": 8258.26
      },
      {
        "date": "2026-02-26",
        "equity": 8142.34
      },
      {
        "date": "2026-02-27",
        "equity": 7770.65
      },
      {
        "date": "2026-03-02",
        "equity": 7326.24
      },
      {
        "date": "2026-03-03",