{
  "timestamp": "2026-03-02T23:17:25.516693",
  "strategies": {
    "A": {
      "name": "Mean Reversion",
      "metrics": {
        "total_profit": 268.59999999999985,
        "total_return_pct": 2.6859999999999986,
        "num_trades": 57,
        "win_rate": 59.64912280701754,
        "avg_win": 83.2344117647059,
        "avg_loss": -111.36391304347826,
        "sharpe_ratio": 0.615377815645833,
        "max_drawdown_pct": 7.184918275878832,
        "profit_factor": 0.7474091875005312
      }
    },
    "B": {
      "name": "Volume Breakout",
      "metrics": {
        "total_profit": -2673.7599999999998,
        "total_return_pct": -26.7376,
        "num_trades": 57,
        "win_rate": 36.84210526315789,
        "avg_win": 140.03571428571428,
        "avg_loss": -155.95861111111108,
        "sharpe_ratio": -4.019601534180024,
        "max_drawdown_pct": 28.031212484993993,
        "profit_factor": 0.8979030608700875
      }
    },
    "V": {
      "name": "Trend Breakout",
      "metrics": {
        "total_profit": 2457.1,
        "total_return_pct": 24.570999999999998,
        "num_trades": 57,
        "win_rate": 56.14035087719298,
        "avg_win": 178.80562500000002,
        "avg_loss": -130.58720000000002,
        "sharpe_ratio": 2.6847101686039587,
        "max_drawdown_pct": 9.11259112591126,
        "profit_factor": 1.3692431187742748
      }
    },
    "M": {
      "name": "Momentum",
      "metrics": {
        "total_profit": 7604.25,
        "total_return_pct": 76.0425,
        "num_trades": 46,
        "win_rate": 50.0,
        "avg_win": 515.1299999999999,
        "avg_loss": -184.51043478260868,
        "sharpe_ratio": 5.339478374637001,
        "max_drawdown_pct": 9.43957064840574,
        "profit_factor": 2.791874620028559
      }
    }
  },
  "signals": {
    "A": [
      {
        "ticker": "NGG",
        "action": "Long",
        "allocation_usd": 10000,
        "sl_factor": 3.2,
        "z_score": 0.22,
        "prev_return_pct": null,
        "vol_ratio": 0.72,
        "ticker_group": "BIG + ETF"
      },
      {
        "ticker": "TAK",
        "action": "Long",
        "allocation_usd": 10000,
        "sl_factor": 1.6,
        "z_score": 0.16,
        "prev_return_pct": null,
        "vol_ratio": 0.74,
        "ticker_group": "BIG + ETF"
      },
      {
        "ticker": "SPG",
        "action": "Long",
        "allocation_usd": 10000,
        "sl_factor": 3.2,
        "z_score": 0.12,
        "prev_return_pct": null,
        "vol_ratio": 1.2,
        "ticker_group": "BIG + ETF"
      }
    ],
    "B": [
      {
        "ticker": "KKR",
        "action": "Short",
        "allocation_usd": 10000,
        "sl_factor": 0.6,
        "z_score": 0.13,
        "prev_return_pct": null,
        "vol_ratio": 2.06,
        "ticker_group": "BIG + ETF"
      },
      {
        "ticker": "APO",
        "action": "Short",
        "allocation_usd": 10000,
        "sl_factor": 0.4,
        "z_score": 0.12,
        "prev_return_pct": null,
        "vol_ratio": 2.35,
        "ticker_group": "BIG + ETF"
      },
      {
        "ticker": "ROST",
        "action": "Long",
        "allocation_usd": 10000,
        "sl_factor": 0.6,
        "z_score": 0.1,
        "prev_return_pct": null,
        "vol_ratio": 1.86,
        "ticker_group": "BIG + ETF"
      }
    ],
    "V": [
      {
        "ticker": "UUGRY",
        "action": "Long",
        "allocation_usd": 10000,
        "sl_factor": 3.2,
        "z_score": 0.2,
        "prev_return_pct": null,
        "vol_ratio": 0.47,
        "ticker_group": "SMALL"
      },
      {
        "ticker": "ULS",
        "action": "Long",
        "allocation_usd": 10000,
        "sl_factor": 0.8,
        "z_score": 0.17,
        "prev_return_pct": null,
        "vol_ratio": 0.63,
        "ticker_group": "SMALL"
      },
      {
        "ticker": "BSY",
        "action": "Long",
        "allocation_usd": 10000,
        "sl_factor": 1.6,
        "z_score": 0.11,
        "prev_return_pct": null,
        "vol_ratio": 3.98,
        "ticker_group": "SMALL"
      }
    ],
    "M": [
      {
        "ticker": "HIMS",
        "action": "Long",
        "allocation_usd": 10000,
        "sl_factor": 0.4,
        "z_score": null,
        "prev_return_pct": 13.58,
        "vol_ratio": 0.59,
        "ticker_group": "SMALL"
      },
      {
        "ticker": "MP",
        "action": "Long",
        "allocation_usd": 10000,
        "sl_factor": 0.4,
        "z_score": null,
        "prev_return_pct": 10.97,
        "vol_ratio": 1.09,
        "ticker_group": "SMALL"
      },
      {
        "ticker": "ASTS",
        "action": "Long",
        "allocation_usd": 10000,
        "sl_factor": 1.6,
        "z_score": null,
        "prev_return_pct": 10.24,
        "vol_ratio": 1.72,
        "ticker_group": "SMALL"
      }
    ]
  },
  "equity": {
    "A": [
      {
        "date": "2026-02-04",
        "equity": 10223.69
      },
      {
        "date": "2026-02-05",
        "equity": 10148.22
      },
      {
        "date": "2026-02-06",
        "equity": 10481.13
      },
      {
        "date": "2026-02-09",
        "equity": 10206.79
      },
      {
        "date": "2026-02-10",
        "equity": 10245.09
      },
      {
        "date": "2026-02-11",
        "equity": 10426.64
      },
      {
        "date": "2026-02-12",
        "equity": 10131.24
      },
      {
        "date": "2026-02-13",
        "equity": 10159.72
      },
      {
        "date": "2026-02-17",
        "equity": 10320.54
      },
      {
        "date": "2026-02-18",
        "equity": 9739.3
      },
      {
        "date": "2026-02-19",
        "equity": 9758.81
      },
      {
        "date": "2026-02-20",
        "equity": 9954.86
      },
      {
        "date": "2026-02-23",
        "equity": 10139.63
      },
      {
        "date": "2026-02-24",
        "equity": 10144.94
      },
      {
        "date": "2026-02-25",
        "equity": 10307.57
      },
      {
        "date": "2026-02-26",
        "equity": 10100.67
      },
      {
        "date": "2026-02-27",
        "equity": 9894.49
      },
      {
        "date": "2026-03-02",
        "equity": 10268.6
      }
    ],
    "B": [
      {
        "date": "2026-02-04",
        "equity": 9854.95
      },
      {
        "date": "2026-02-05",
        "equity": 9611.16
      },
      {
        "date": "2026-02-06",
        "equity": 9423.96
      },
      {
        "date": "2026-02-09",
        "equity": 9525.54
      },
      {
        "date": "2026-02-10",
        "equity": 9881.98
      },
      {
        "date": "2026-02-11",
        "equity": 9875.26
      },
      {
        "date": "2026-02-12",
        "equity": 9624.72
      },
      {
        "date": "2026-02-13",
        "equity": 9382.86
      },
      {
        "date": "2026-02-17",
        "equity": 8656.33
      },
      {
        "date": "2026-02-18",
        "equity": 8728.65
      },
      {
        "date": "2026-02-19",
        "equity": 8883.86
      },
      {
        "date": "2026-02-20",
        "equity": 8920.06
      },
      {
        "date": "2026-02-23",
        "equity": 9108.93
      },
      {
        "date": "2026-02-24",
        "equity": 8561.84
      },
      {
        "date": "2026-02-25",
        "equity": 8258.26
      },
      {
        "date": "2026-02-26",
        "equity": 8142.34
      },
      {
        "date": "2026-02-27",
        "equity": 7770.65
      },
      {
        "date": "2026-03-02",
        "equity": 7326.24
      }
    ],
    "V": [
      {
        "date": "2026-02-04",
        "equity": 9799.16
      },
      {
        "date": "2026-02-05",
        "equity": 9920.44
      },
      {
        "date": "2026-02-06",
        "equity": 10105.91
      },
      {
        "date": "2026-02-09",
        "equity": 10444.34
      },
      {
        "date": "2026-02-10",
        "equity": 10165.12
      },
      {
        "date": "2026-02-11",