{
  "timestamp": "2026-02-11T23:24:17.493854",
  "strategies": {
    "A": {
      "name": "Mean Reversion",
      "metrics": {
        "total_profit": 426.64,
        "total_return_pct": 4.2664,
        "num_trades": 18,
        "win_rate": 66.66666666666666,
        "avg_win": 86.375,
        "avg_loss": -101.64333333333333,
        "sharpe_ratio": 3.621911742400688,
        "max_drawdown_pct": 2.8746153472286364,
        "profit_factor": 0.849785196602499
      }
    },
    "B": {
      "name": "Volume Breakout",
      "metrics": {
        "total_profit": -124.74000000000005,
        "total_return_pct": -1.2474000000000005,
        "num_trades": 18,
        "win_rate": 50.0,
        "avg_win": 122.48222222222223,
        "avg_loss": -136.34222222222223,
        "sharpe_ratio": -0.7072837632718534,
        "max_drawdown_pct": 6.999252784506065,
        "profit_factor": 0.8983440362486553
      }
    },
    "V": {
      "name": "Trend Breakout",
      "metrics": {
        "total_profit": 110.50999999999999,
        "total_return_pct": 1.1050999999999997,
        "num_trades": 18,
        "win_rate": 61.111111111111114,
        "avg_win": 84.80363636363637,
        "avg_loss": -117.47571428571429,
        "sharpe_ratio": 0.8292982703130701,
        "max_drawdown_pct": 4.074168401258485,
        "profit_factor": 0.7218822790673508
      }
    },
    "M": {
      "name": "Momentum",
      "metrics": {
        "total_profit": 4731.16,
        "total_return_pct": 47.3116,
        "num_trades": 15,
        "win_rate": 60.0,
        "avg_win": 711.2655555555555,
        "avg_loss": -278.37166666666667,
        "sharpe_ratio": 7.659636890948047,
        "max_drawdown_pct": 8.642722567377657,
        "profit_factor": 2.55509321071549
      }
    }
  },
  "signals": {
    "A": [
      {
        "ticker": "NGG",
        "action": "Long",
        "allocation_usd": 10000,
        "sl_factor": 3.2,
        "z_score": 0.22,
        "prev_return_pct": null,
        "vol_ratio": 0.98,
        "ticker_group": "BIG + ETF"
      },
      {
        "ticker": "CM",
        "action": "Long",
        "allocation_usd": 10000,
        "sl_factor": 3.2,
        "z_score": 0.17,
        "prev_return_pct": null,
        "vol_ratio": 0.81,
        "ticker_group": "BIG + ETF"
      },
      {
        "ticker": "TD",
        "action": "Long",
        "allocation_usd": 10000,
        "sl_factor": 0.6,
        "z_score": 0.16,
        "prev_return_pct": null,
        "vol_ratio": 1.04,
        "ticker_group": "BIG + ETF"
      }
    ],
    "B": [
      {
        "ticker": "PANW",
        "action": "Short",
        "allocation_usd": 10000,
        "sl_factor": 0.6,
        "z_score": 0.12,
        "prev_return_pct": null,
        "vol_ratio": 3.24,
        "ticker_group": "BIG + ETF"
      },
      {
        "ticker": "NET",
        "action": "Long",
        "allocation_usd": 10000,
        "sl_factor": 0.4,
        "z_score": 0.1,
        "prev_return_pct": null,
        "vol_ratio": 2.03,
        "ticker_group": "BIG + ETF"
      },
      {
        "ticker": "TRI",
        "action": "Long",
        "allocation_usd": 10000,
        "sl_factor": 0.4,
        "z_score": 0.1,
        "prev_return_pct": null,
        "vol_ratio": 2.23,
        "ticker_group": "BIG + ETF"
      }
    ],
    "V": [
      {
        "ticker": "NPXYY",
        "action": "Long",
        "allocation_usd": 10000,
        "sl_factor": 1.6,
        "z_score": 0.36,
        "prev_return_pct": null,
        "vol_ratio": 1.35,
        "ticker_group": "SMALL"
      },
      {
        "ticker": "RSHGY",
        "action": "Long",
        "allocation_usd": 10000,
        "sl_factor": 1.6,
        "z_score": 0.34,
        "prev_return_pct": null,
        "vol_ratio": 0.96,
        "ticker_group": "SMALL"
      },
      {
        "ticker": "AS",
        "action": "Long",
        "allocation_usd": 10000,
        "sl_factor": 1.6,
        "z_score": 0.22,
        "prev_return_pct": null,
        "vol_ratio": 1.85,
        "ticker_group": "SMALL"
      }
    ],
    "M": [
      {
        "ticker": "THC",
        "action": "Long",
        "allocation_usd": 10000,
        "sl_factor": 0.4,
        "z_score": null,
        "prev_return_pct": 20.18,
        "vol_ratio": 1.49,
        "ticker_group": "SMALL"
      },
      {
        "ticker": "GNRC",
        "action": "Long",
        "allocation_usd": 10000,
        "sl_factor": 0.6,
        "z_score": null,
        "prev_return_pct": 11.97,
        "vol_ratio": 1.33,
        "ticker_group": "SMALL"
      },
      {
        "ticker": "GFS",
        "action": "Long",
        "allocation_usd": 10000,
        "sl_factor": 3.2,
        "z_score": null,
        "prev_return_pct": 11.57,
        "vol_ratio": 1.9,
        "ticker_group": "SMALL"
      }
    ]
  },
  "equity": {
    "A": [
      {
        "date": "2026-02-04",
        "equity": 10223.69
      },
      {
        "date": "2026-02-05",
        "equity": 10148.22
      },
      {
        "date": "2026-02-06",
        "equity": 10481.13
      },
      {
        "date": "2026-02-09",
        "equity": 10206.79
      },
      {
        "date": "2026-02-10",
        "equity": 10245.09
      },
      {
        "date": "2026-02-11",
        "equity": 10426.64
      }
    ],
    "B": [
      {
        "date": "2026-02-04",
        "equity": 9854.95
      },
      {
        "date": "2026-02-05",
        "equity": 9611.16
      },
      {
        "date": "2026-02-06",
        "equity": 9423.96
      },
      {
        "date": "2026-02-09",
        "equity": 9525.54
      },
      {
        "date": "2026-02-10",
        "equity": 9881.98
      },
      {
        "date": "2026-02-11",
        "equity": 9875.26
      }
    ],
    "V": [
      {
        "date": "2026-02-04",
        "equity": 9799.16
      },
      {
        "date": "2026-02-05",
        "equity": 9920.44
      },
      {
        "date": "2026-02-06",
        "equity": 10105.91
      },
      {
        "date": "2026-02-09",
        "equity": 10444.34
      },
      {
        "date": "2026-02-10",
        "equity": 10165.12
      },
      {
        "date": "2026-02-11",
        "equity": 10110.51
      }
    ],
    "M": [
      {
        "date": "2026-02-04",
        "equity": 11024.63
      },
      {
        "date": "2026-02-05",
        "equity": 14892.66
      },
      {
        "date": "2026-02-06",
        "equity": 15431.03
      },
      {
        "date": "2026-02-09",
        "equity": 16065.03
      },
      {
        "date": "2026-02-10",
        "equity": 15591.44
      },
      {
        "date": "2026-02-11",
        "equity": 14731.16
      }
    ]
  }
}