{
  "timestamp": "2026-04-08T23:30:19.203076",
  "strategies": {
    "A": {
      "name": "Mean Reversion",
      "metrics": {
        "total_profit": 1280.1299999999992,
        "total_return_pct": 12.801299999999994,
        "num_trades": 135,
        "win_rate": 57.77777777777777,
        "avg_win": 112.5816666666667,
        "avg_loss": -131.60070175438597,
        "sharpe_ratio": 0.933026500230073,
        "max_drawdown_pct": 15.742980477230798,
        "profit_factor": 0.8554792274343979
      }
    },
    "B": {
      "name": "Volume Breakout",
      "metrics": {
        "total_profit": -4121.74,
        "total_return_pct": -41.2174,
        "num_trades": 137,
        "win_rate": 38.68613138686132,
        "avg_win": 131.64471698113206,
        "avg_loss": -132.12988095238097,
        "sharpe_ratio": -2.8488839956410743,
        "max_drawdown_pct": 43.95942891159759,
        "profit_factor": 0.996328128295039
      }
    },
    "V": {
      "name": "Trend Breakout",
      "metrics": {
        "total_profit": 1261.6599999999996,
        "total_return_pct": 12.616599999999996,
        "num_trades": 138,
        "win_rate": 52.89855072463768,
        "avg_win": 142.64753424657536,
        "avg_loss": -140.794,
        "sharpe_ratio": 0.6888309247297846,
        "max_drawdown_pct": 23.112774116025523,
        "profit_factor": 1.0131648667313617
      }
    },
    "M": {
      "name": "Momentum",
      "metrics": {
        "total_profit": 8149.68,
        "total_return_pct": 81.49680000000001,
        "num_trades": 118,
        "win_rate": 45.76271186440678,
        "avg_win": 464.1425925925926,
        "avg_loss": -264.2815625,
        "sharpe_ratio": 2.1783799556194836,
        "max_drawdown_pct": 32.70445190427066,
        "profit_factor": 1.7562428048403589
      }
    }
  },
  "signals": {
    "A": [
      {
        "ticker": "TD",
        "action": "Long",
        "allocation_usd": 10000,
        "sl_factor": 0.6,
        "z_score": 0.17,
        "prev_return_pct": null,
        "vol_ratio": 2.76,
        "ticker_group": "BIG + ETF"
      },
      {
        "ticker": "AXP",
        "action": "Long",
        "allocation_usd": 10000,
        "sl_factor": 0.4,
        "z_score": 0.09,
        "prev_return_pct": null,
        "vol_ratio": 0.67,
        "ticker_group": "BIG + ETF"
      },
      {
        "ticker": "MS",
        "action": "Long",
        "allocation_usd": 10000,
        "sl_factor": 1.6,
        "z_score": 0.09,
        "prev_return_pct": null,
        "vol_ratio": 0.86,
        "ticker_group": "BIG + ETF"
      }
    ],
    "B": [
      {
        "ticker": "AAPL",
        "action": "Short",
        "allocation_usd": 10000,
        "sl_factor": 0.8,
        "z_score": 0.18,
        "prev_return_pct": null,
        "vol_ratio": 1.53,
        "ticker_group": "BIG + ETF"
      },
      {
        "ticker": "PNC",
        "action": "Long",
        "allocation_usd": 10000,
        "sl_factor": 0.8,
        "z_score": 0.07,
        "prev_return_pct": null,
        "vol_ratio": 1.52,
        "ticker_group": "BIG + ETF"
      },
      {
        "ticker": "DTEGY",
        "action": "Short",
        "allocation_usd": 10000,
        "sl_factor": 0.4,
        "z_score": 0.01,
        "prev_return_pct": null,
        "vol_ratio": 2.18,
        "ticker_group": "BIG + ETF"
      }
    ],
    "V": [
      {
        "ticker": "ARNNY",
        "action": "Long",
        "allocation_usd": 10000,
        "sl_factor": 1.6,
        "z_score": 0.29,
        "prev_return_pct": null,
        "vol_ratio": 0.46,
        "ticker_group": "SMALL"
      },
      {
        "ticker": "SOTGY",
        "action": "Long",
        "allocation_usd": 10000,
        "sl_factor": 1.6,
        "z_score": 0.24,
        "prev_return_pct": null,
        "vol_ratio": 0.38,
        "ticker_group": "SMALL"
      },
      {
        "ticker": "EDPFY",
        "action": "Long",
        "allocation_usd": 10000,
        "sl_factor": 1.6,
        "z_score": 0.18,
        "prev_return_pct": null,
        "vol_ratio": 0.81,
        "ticker_group": "SMALL"
      }
    ],
    "M": [
      {
        "ticker": "CF",
        "action": "Long",
        "allocation_usd": 10000,
        "sl_factor": 3.2,
        "z_score": null,
        "prev_return_pct": 10.56,
        "vol_ratio": 0.66,
        "ticker_group": "SMALL"
      },
      {
        "ticker": "DSEEY",
        "action": "Long",
        "allocation_usd": 10000,
        "sl_factor": 0.4,
        "z_score": null,
        "prev_return_pct": 7.58,
        "vol_ratio": 1.41,
        "ticker_group": "SMALL"
      },
      {
        "ticker": "DOW",
        "action": "Long",
        "allocation_usd": 10000,
        "sl_factor": 0.4,
        "z_score": null,
        "prev_return_pct": 7.26,
        "vol_ratio": 0.93,
        "ticker_group": "SMALL"
      }
    ]
  },
  "equity": {
    "A": [
      {
        "date": "2026-02-04",
        "equity": 10223.69
      },
      {
        "date": "2026-02-05",
        "equity": 10148.22
      },
      {
        "date": "2026-02-06",
        "equity": 10481.13
      },
      {
        "date": "2026-02-09",
        "equity": 10206.79
      },
      {
        "date": "2026-02-10",
        "equity": 10245.09
      },
      {
        "date": "2026-02-11",
        "equity": 10426.64
      },
      {
        "date": "2026-02-12",
        "equity": 10131.24
      },
      {
        "date": "2026-02-13",
        "equity": 10159.72
      },
      {
        "date": "2026-02-17",
        "equity": 10320.54
      },
      {
        "date": "2026-02-18",
        "equity": 9739.3
      },
      {
        "date": "2026-02-19",
        "equity": 9758.81
      },
      {
        "date": "2026-02-20",
        "equity": 9954.86
      },
      {
        "date": "2026-02-23",
        "equity": 10139.63
      },
      {
        "date": "2026-02-24",
        "equity": 10144.94
      },
      {
        "date": "2026-02-25",
        "equity": 10307.57
      },
      {
        "date": "2026-02-26",
        "equity": 10100.67
      },
      {
        "date": "2026-02-27",
        "equity": 9894.49
      },
      {
        "date": "2026-03-02",
        "equity": 10268.6
      },
      {
        "date": "2026-03-03",
        "equity": 10666.57
      },
      {
        "date": "2026-03-04",
        "equity": 10929.57
      },
      {
        "date": "2026-03-05",
        "equity": 10829.24
      },
      {
        "date": "2026-03-06",
        "equity": 11313.46
      },
      {
        "date": "2026-03-09",
        "equity": 11729.39
      },
      {
        "date": "2026-03-10",
        "equity": 11335.64
      },
      {
        "date": "2026-03-11",
        "equity": 11346.45
      },
      {
        "date": "2026-03-12",
        "equity": 11241.56
      },
      {
        "date": "2026-03-13",
        "equity": 10987.7
      },
      {
        "date": "2026-03-16",
        "equity": 11084.47
      },
      {
        "date": "2026-03-17",
        "equity": 10884.17
      },
      {
        "date": "2026-03-18",
        "equity": 10460.28
      },
      {
        "date": "2026-03-19",
        "equity": 10596.0
      },
      {
        "date": "2026-03-20",
        "equity": 9927.28
      },
      {
        "date": "2026-03-23",
        "equity": 10602.74
      },
      {
        "date": "2026-03-24",
        "equity": 11336.53
      },
      {
        "date": "2026-03-25",
        "equity": 11151.9
      },
      {
        "date": "2026-03-26",
        "equity": 10766.33
      },
      {
        "date": "2026-03-27",
        "equity": 10559.82
      },
      {
        "date": "2026-03-30",
        "equity": 10410.55
      },
      {
        "date": "2026-03-31",
        "equity": 10162.26
      },
      {
        "date": "2026-04-01",
        "equity": 10151.67
      },
      {
        "date": "2026-04-02",
        "equity": 10942.7
      },
      {
        "date": "2026-04-06",