{
  "timestamp": "2026-02-19T23:21:53.045393",
  "strategies": {
    "A": {
      "name": "Mean Reversion",
      "metrics": {
        "total_profit": -241.19000000000003,
        "total_return_pct": -2.4119,
        "num_trades": 36,
        "win_rate": 61.111111111111114,
        "avg_win": 71.50409090909089,
        "avg_loss": -129.59142857142857,
        "sharpe_ratio": -0.9107729016883246,
        "max_drawdown_pct": 7.184918275878832,
        "profit_factor": 0.5517655889538949
      }
    },
    "B": {
      "name": "Volume Breakout",
      "metrics": {
        "total_profit": -1116.1400000000003,
        "total_return_pct": -11.161400000000004,
        "num_trades": 36,
        "win_rate": 44.44444444444444,
        "avg_win": 143.36124999999998,
        "avg_loss": -170.496,
        "sharpe_ratio": -2.544431449240359,
        "max_drawdown_pct": 14.400719101479135,
        "profit_factor": 0.840848172391141
      }
    },
    "V": {
      "name": "Trend Breakout",
      "metrics": {
        "total_profit": 2068.94,
        "total_return_pct": 20.6894,
        "num_trades": 36,
        "win_rate": 55.55555555555556,
        "avg_win": 203.0555,
        "avg_loss": -124.510625,
        "sharpe_ratio": 3.225687306604963,
        "max_drawdown_pct": 9.11259112591126,
        "profit_factor": 1.6308286943383346
      }
    },
    "M": {
      "name": "Momentum",
      "metrics": {
        "total_profit": 7068.070000000001,
        "total_return_pct": 70.6807,
        "num_trades": 29,
        "win_rate": 51.724137931034484,
        "avg_win": 651.9953333333334,
        "avg_loss": -193.70428571428573,
        "sharpe_ratio": 6.815782445415208,
        "max_drawdown_pct": 9.43957064840574,
        "profit_factor": 3.3659313779718225
      }
    }
  },
  "signals": {
    "A": [
      {
        "ticker": "TAK",
        "action": "Long",
        "allocation_usd": 10000,
        "sl_factor": 1.6,
        "z_score": 0.17,
        "prev_return_pct": null,
        "vol_ratio": 0.88,
        "ticker_group": "BIG + ETF"
      },
      {
        "ticker": "BAESY",
        "action": "Long",
        "allocation_usd": 10000,
        "sl_factor": 0.6,
        "z_score": 0.15,
        "prev_return_pct": null,
        "vol_ratio": 1.43,
        "ticker_group": "BIG + ETF"
      },
      {
        "ticker": "AMGN",
        "action": "Long",
        "allocation_usd": 10000,
        "sl_factor": 1.6,
        "z_score": 0.11,
        "prev_return_pct": null,
        "vol_ratio": 0.88,
        "ticker_group": "BIG + ETF"
      }
    ],
    "B": [
      {
        "ticker": "DE",
        "action": "Short",
        "allocation_usd": 10000,
        "sl_factor": 1.6,
        "z_score": 0.18,
        "prev_return_pct": null,
        "vol_ratio": 1.54,
        "ticker_group": "BIG + ETF"
      },
      {
        "ticker": "PANW",
        "action": "Long",
        "allocation_usd": 10000,
        "sl_factor": 0.6,
        "z_score": 0.12,
        "prev_return_pct": null,
        "vol_ratio": 1.96,
        "ticker_group": "BIG + ETF"
      },
      {
        "ticker": "RSG",
        "action": "Short",
        "allocation_usd": 10000,
        "sl_factor": 1.6,
        "z_score": 0.09,
        "prev_return_pct": null,
        "vol_ratio": 1.87,
        "ticker_group": "BIG + ETF"
      }
    ],
    "V": [
      {
        "ticker": "NPXYY",
        "action": "Long",
        "allocation_usd": 10000,
        "sl_factor": 1.6,
        "z_score": 0.36,
        "prev_return_pct": null,
        "vol_ratio": 0.5,
        "ticker_group": "SMALL"
      },
      {
        "ticker": "NCLTY",
        "action": "Long",
        "allocation_usd": 10000,
        "sl_factor": 0.4,
        "z_score": 0.23,
        "prev_return_pct": null,
        "vol_ratio": 2.56,
        "ticker_group": "SMALL"
      },
      {
        "ticker": "AS",
        "action": "Long",
        "allocation_usd": 10000,
        "sl_factor": 1.6,
        "z_score": 0.22,
        "prev_return_pct": null,
        "vol_ratio": 0.83,
        "ticker_group": "SMALL"
      }
    ],
    "M": [
      {
        "ticker": "PMDIY",
        "action": "Long",
        "allocation_usd": 10000,
        "sl_factor": 0.4,
        "z_score": null,
        "prev_return_pct": 18.66,
        "vol_ratio": 0.0,
        "ticker_group": "SMALL"
      },
      {
        "ticker": "TPL",
        "action": "Long",
        "allocation_usd": 10000,
        "sl_factor": 0.4,
        "z_score": null,
        "prev_return_pct": 13.15,
        "vol_ratio": 1.93,
        "ticker_group": "SMALL"
      },
      {
        "ticker": "ULS",
        "action": "Long",
        "allocation_usd": 10000,
        "sl_factor": 1.6,
        "z_score": null,
        "prev_return_pct": 10.35,
        "vol_ratio": 1.49,
        "ticker_group": "SMALL"
      }
    ]
  },
  "equity": {
    "A": [
      {
        "date": "2026-02-04",
        "equity": 10223.69
      },
      {
        "date": "2026-02-05",
        "equity": 10148.22
      },
      {
        "date": "2026-02-06",
        "equity": 10481.13
      },
      {
        "date": "2026-02-09",
        "equity": 10206.79
      },
      {
        "date": "2026-02-10",
        "equity": 10245.09
      },
      {
        "date": "2026-02-11",
        "equity": 10426.64
      },
      {
        "date": "2026-02-12",
        "equity": 10131.24
      },
      {
        "date": "2026-02-13",
        "equity": 10159.72
      },
      {
        "date": "2026-02-17",
        "equity": 10320.54
      },
      {
        "date": "2026-02-18",
        "equity": 9739.3
      },
      {
        "date": "2026-02-19",
        "equity": 9758.81
      }
    ],
    "B": [
      {
        "date": "2026-02-04",
        "equity": 9854.95
      },
      {
        "date": "2026-02-05",
        "equity": 9611.16
      },
      {
        "date": "2026-02-06",
        "equity": 9423.96
      },
      {
        "date": "2026-02-09",
        "equity": 9525.54
      },
      {
        "date": "2026-02-10",
        "equity": 9881.98
      },
      {
        "date": "2026-02-11",
        "equity": 9875.26
      },
      {
        "date": "2026-02-12",
        "equity": 9624.72
      },
      {
        "date": "2026-02-13",
        "equity": 9382.86
      },
      {
        "date": "2026-02-17",
        "equity": 8656.33
      },
      {
        "date": "2026-02-18",
        "equity": 8728.65
      },
      {
        "date": "2026-02-19",
        "equity": 8883.86
      }
    ],
    "V": [
      {
        "date": "2026-02-04",
        "equity": 9799.16
      },
      {
        "date": "2026-02-05",
        "equity": 9920.44
      },
      {
        "date": "2026-02-06",
        "equity": 10105.91
      },
      {
        "date": "2026-02-09",
        "equity": 10444.34
      },
      {
        "date": "2026-02-10",
        "equity": 10165.12
      },
      {
        "date": "2026-02-11",
        "equity": 10110.51
      },
      {
        "date": "2026-02-12",
        "equity": 9492.59
      },
      {
        "date": "2026-02-13",
        "equity": 11144.28
      },
      {
        "date": "2026-02-17",
        "equity": 11266.36
      },
      {
        "date": "2026-02-18",
        "equity": 10874.48
      },
      {
        "date": "2026-02-19",
        "equity": 12068.94
      }
    ],
    "M": [
      {
        "date": "2026-02-04",
        "equity": 11024.63
      },
      {
        "date": "2026-02-05",
        "equity": 14892.66
      },
      {
        "date": "2026-02-06",
        "equity": 15431.03
      },
      {
        "date": "2026-02-09",
        "equity": 16065.03
      },
      {
        "date": "2026-02-10",
        "equity": 15591.44
      },
      {
        "date": "2026-02-11",
        "equity": 14731.16
      },
      {
        "date": "2026-02-12",
        "equity": 14770.59
      },
      {
        "date": "2026-02-13",
        "equity": 17092.42
      },
      {
        "date": "2026-02-17",