{
  "timestamp": "2026-03-30T23:27:09.632879",
  "strategies": {
    "A": {
      "name": "Mean Reversion",
      "metrics": {
        "total_profit": 410.5499999999993,
        "total_return_pct": 4.105499999999992,
        "num_trades": 115,
        "win_rate": 55.65217391304348,
        "avg_win": 113.57328125000001,
        "avg_loss": -134.47333333333333,
        "sharpe_ratio": 0.3397552104629523,
        "max_drawdown_pct": 15.742980477230798,
        "profit_factor": 0.8445784635119727
      }
    },
    "B": {
      "name": "Volume Breakout",
      "metrics": {
        "total_profit": -3601.6800000000003,
        "total_return_pct": -36.0168,
        "num_trades": 117,
        "win_rate": 40.17094017094017,
        "avg_win": 137.3068085106383,
        "avg_loss": -143.6442857142857,
        "sharpe_ratio": -2.7531581327905816,
        "max_drawdown_pct": 43.95942891159759,
        "profit_factor": 0.9558807566055715
      }
    },
    "V": {
      "name": "Trend Breakout",
      "metrics": {
        "total_profit": 1144.7800000000002,
        "total_return_pct": 11.447800000000003,
        "num_trades": 117,
        "win_rate": 52.991452991452995,
        "avg_win": 154.13790322580647,
        "avg_loss": -152.94127272727278,
        "sharpe_ratio": 0.695121856787146,
        "max_drawdown_pct": 18.80577300277429,
        "profit_factor": 1.0078241175661429
      }
    },
    "M": {
      "name": "Momentum",
      "metrics": {
        "total_profit": 2838.8100000000004,
        "total_return_pct": 28.388100000000005,
        "num_trades": 100,
        "win_rate": 43.0,
        "avg_win": 402.0690697674419,
        "avg_loss": -253.51157894736838,
        "sharpe_ratio": 1.0198057537043999,
        "max_drawdown_pct": 27.467382719592514,
        "profit_factor": 1.5859988385418702
      }
    }
  },
  "signals": {
    "A": [
      {
        "ticker": "MPC",
        "action": "Long",
        "allocation_usd": 10000,
        "sl_factor": 0.8,
        "z_score": 0.03,
        "prev_return_pct": null,
        "vol_ratio": 0.77,
        "ticker_group": "BIG + ETF"
      },
      {
        "ticker": "PTCAY",
        "action": "Long",
        "allocation_usd": 10000,
        "sl_factor": 0.4,
        "z_score": 0.0,
        "prev_return_pct": null,
        "vol_ratio": 1.0,
        "ticker_group": "BIG + ETF"
      },
      {
        "ticker": "PSX",
        "action": "Long",
        "allocation_usd": 10000,
        "sl_factor": 0.6,
        "z_score": -0.01,
        "prev_return_pct": null,
        "vol_ratio": 0.91,
        "ticker_group": "BIG + ETF"
      }
    ],
    "B": [
      {
        "ticker": "MGCLY",
        "action": "Short",
        "allocation_usd": 10000,
        "sl_factor": 3.2,
        "z_score": 0.3,
        "prev_return_pct": null,
        "vol_ratio": 1.89,
        "ticker_group": "BIG + ETF"
      },
      {
        "ticker": "CP",
        "action": "Short",
        "allocation_usd": 10000,
        "sl_factor": 0.4,
        "z_score": 0.06,
        "prev_return_pct": null,
        "vol_ratio": 1.55,
        "ticker_group": "BIG + ETF"
      },
      {
        "ticker": "RY",
        "action": "Short",
        "allocation_usd": 10000,
        "sl_factor": 0.4,
        "z_score": 0.03,
        "prev_return_pct": null,
        "vol_ratio": 1.59,
        "ticker_group": "BIG + ETF"
      }
    ],
    "V": [
      {
        "ticker": "YPF",
        "action": "Long",
        "allocation_usd": 10000,
        "sl_factor": 0.8,
        "z_score": 0.03,
        "prev_return_pct": null,
        "vol_ratio": 2.09,
        "ticker_group": "SMALL"
      },
      {
        "ticker": "PAA",
        "action": "Long",
        "allocation_usd": 10000,
        "sl_factor": 3.2,
        "z_score": 0.01,
        "prev_return_pct": null,
        "vol_ratio": 0.73,
        "ticker_group": "SMALL"
      },
      {
        "ticker": "OMVKY",
        "action": "Long",
        "allocation_usd": 10000,
        "sl_factor": 0.4,
        "z_score": 0.01,
        "prev_return_pct": null,
        "vol_ratio": 0.28,
        "ticker_group": "SMALL"
      }
    ],
    "M": [
      {
        "ticker": "FNMA",
        "action": "Long",
        "allocation_usd": 10000,
        "sl_factor": 3.2,
        "z_score": null,
        "prev_return_pct": 37.57,
        "vol_ratio": 1.56,
        "ticker_group": "SMALL"
      },
      {
        "ticker": "MORN",
        "action": "Long",
        "allocation_usd": 10000,
        "sl_factor": 1.6,
        "z_score": null,
        "prev_return_pct": 5.01,
        "vol_ratio": 1.11,
        "ticker_group": "SMALL"
      },
      {
        "ticker": "U",
        "action": "Long",
        "allocation_usd": 10000,
        "sl_factor": 0.4,
        "z_score": null,
        "prev_return_pct": 4.88,
        "vol_ratio": 3.45,
        "ticker_group": "SMALL"
      }
    ]
  },
  "equity": {
    "A": [
      {
        "date": "2026-02-04",
        "equity": 10223.69
      },
      {
        "date": "2026-02-05",
        "equity": 10148.22
      },
      {
        "date": "2026-02-06",
        "equity": 10481.13
      },
      {
        "date": "2026-02-09",
        "equity": 10206.79
      },
      {
        "date": "2026-02-10",
        "equity": 10245.09
      },
      {
        "date": "2026-02-11",
        "equity": 10426.64
      },
      {
        "date": "2026-02-12",
        "equity": 10131.24
      },
      {
        "date": "2026-02-13",
        "equity": 10159.72
      },
      {
        "date": "2026-02-17",
        "equity": 10320.54
      },
      {
        "date": "2026-02-18",
        "equity": 9739.3
      },
      {
        "date": "2026-02-19",
        "equity": 9758.81
      },
      {
        "date": "2026-02-20",
        "equity": 9954.86
      },
      {
        "date": "2026-02-23",
        "equity": 10139.63
      },
      {
        "date": "2026-02-24",
        "equity": 10144.94
      },
      {
        "date": "2026-02-25",
        "equity": 10307.57
      },
      {
        "date": "2026-02-26",
        "equity": 10100.67
      },
      {
        "date": "2026-02-27",
        "equity": 9894.49
      },
      {
        "date": "2026-03-02",
        "equity": 10268.6
      },
      {
        "date": "2026-03-03",
        "equity": 10666.57
      },
      {
        "date": "2026-03-04",
        "equity": 10929.57
      },
      {
        "date": "2026-03-05",
        "equity": 10829.24
      },
      {
        "date": "2026-03-06",
        "equity": 11313.46
      },
      {
        "date": "2026-03-09",
        "equity": 11729.39
      },
      {
        "date": "2026-03-10",
        "equity": 11335.64
      },
      {
        "date": "2026-03-11",
        "equity": 11346.45
      },
      {
        "date": "2026-03-12",
        "equity": 11241.56
      },
      {
        "date": "2026-03-13",
        "equity": 10987.7
      },
      {
        "date": "2026-03-16",
        "equity": 11084.47
      },
      {
        "date": "2026-03-17",
        "equity": 10884.17
      },
      {
        "date": "2026-03-18",
        "equity": 10460.28
      },
      {
        "date": "2026-03-19",
        "equity": 10596.0
      },
      {
        "date": "2026-03-20",
        "equity": 9927.28
      },
      {
        "date": "2026-03-23",
        "equity": 10602.74
      },
      {
        "date": "2026-03-24",
        "equity": 11336.53
      },
      {
        "date": "2026-03-25",
        "equity": 11151.9
      },
      {
        "date": "2026-03-26",
        "equity": 10766.33
      },
      {
        "date": "2026-03-27",
        "equity": 10559.82
      },
      {
        "date": "2026-03-30",
        "equity": 10410.55
      }
    ],
    "B": [
      {
        "date": "2026-02-04",
        "equity": 9854.95
      },
      {
        "date": "2026-02-05",
        "equity": 9611.16
      },
      {
        "date": "2026-02-06",
        "equity": 9423.96
      },
      {
        "date": "2026-02-09",