{
  "timestamp": "2026-03-07T23:04:48.981447",
  "strategies": {
    "A": {
      "name": "Mean Reversion",
      "metrics": {
        "total_profit": 1313.4599999999996,
        "total_return_pct": 13.134599999999995,
        "num_trades": 69,
        "win_rate": 63.76811594202898,
        "avg_win": 95.02113636363634,
        "avg_loss": -114.6988,
        "sharpe_ratio": 2.3967621280881533,
        "max_drawdown_pct": 7.184918275878832,
        "profit_factor": 0.8284405448325208
      }
    },
    "B": {
      "name": "Volume Breakout",
      "metrics": {
        "total_profit": -3685.6100000000006,
        "total_return_pct": -36.856100000000005,
        "num_trades": 69,
        "win_rate": 36.231884057971016,
        "avg_win": 135.8124,
        "avg_loss": -160.93,
        "sharpe_ratio": -4.659125788805609,
        "max_drawdown_pct": 37.55930708362422,
        "profit_factor": 0.8439222021997141
      }
    },
    "V": {
      "name": "Trend Breakout",
      "metrics": {
        "total_profit": 3185.48,
        "total_return_pct": 31.8548,
        "num_trades": 69,
        "win_rate": 59.42028985507246,
        "avg_win": 164.44829268292685,
        "avg_loss": -127.03214285714287,
        "sharpe_ratio": 3.087060649238395,
        "max_drawdown_pct": 9.11259112591126,
        "profit_factor": 1.2945408066355397
      }
    },
    "M": {
      "name": "Momentum",
      "metrics": {
        "total_profit": 6151.289999999999,
        "total_return_pct": 61.512899999999995,
        "num_trades": 57,
        "win_rate": 47.368421052631575,
        "avg_win": 480.2351851851852,
        "avg_loss": -227.16866666666664,
        "sharpe_ratio": 3.5266959586009015,
        "max_drawdown_pct": 10.65170156727911,
        "profit_factor": 2.114002746205544
      }
    }
  },
  "signals": {
    "A": [
      {
        "ticker": "INTU",
        "action": "Long",
        "allocation_usd": 10000,
        "sl_factor": 0.6,
        "z_score": 0.06,
        "prev_return_pct": null,
        "vol_ratio": 1.36,
        "ticker_group": "BIG + ETF"
      },
      {
        "ticker": "WM",
        "action": "Long",
        "allocation_usd": 10000,
        "sl_factor": 0.8,
        "z_score": 0.04,
        "prev_return_pct": null,
        "vol_ratio": 1.55,
        "ticker_group": "BIG + ETF"
      },
      {
        "ticker": "CEG",
        "action": "Long",
        "allocation_usd": 10000,
        "sl_factor": 0.4,
        "z_score": 0.03,
        "prev_return_pct": null,
        "vol_ratio": 0.77,
        "ticker_group": "BIG + ETF"
      }
    ],
    "B": [
      {
        "ticker": "MGCLY",
        "action": "Short",
        "allocation_usd": 10000,
        "sl_factor": 3.2,
        "z_score": 0.22,
        "prev_return_pct": null,
        "vol_ratio": 2.15,
        "ticker_group": "BIG + ETF"
      },
      {
        "ticker": "MCK",
        "action": "Short",
        "allocation_usd": 10000,
        "sl_factor": 3.2,
        "z_score": 0.09,
        "prev_return_pct": null,
        "vol_ratio": 1.7,
        "ticker_group": "BIG + ETF"
      },
      {
        "ticker": "CTAS",
        "action": "Long",
        "allocation_usd": 10000,
        "sl_factor": 0.4,
        "z_score": 0.09,
        "prev_return_pct": null,
        "vol_ratio": 2.09,
        "ticker_group": "BIG + ETF"
      }
    ],
    "V": [
      {
        "ticker": "MORN",
        "action": "Long",
        "allocation_usd": 10000,
        "sl_factor": 1.6,
        "z_score": 0.17,
        "prev_return_pct": null,
        "vol_ratio": 0.69,
        "ticker_group": "SMALL"
      },
      {
        "ticker": "THC",
        "action": "Long",
        "allocation_usd": 10000,
        "sl_factor": 1.6,
        "z_score": 0.12,
        "prev_return_pct": null,
        "vol_ratio": 0.78,
        "ticker_group": "SMALL"
      },
      {
        "ticker": "IOT",
        "action": "Long",
        "allocation_usd": 10000,
        "sl_factor": 3.2,
        "z_score": 0.11,
        "prev_return_pct": null,
        "vol_ratio": 2.26,
        "ticker_group": "SMALL"
      }
    ],
    "M": [
      {
        "ticker": "CKHGF",
        "action": "Long",
        "allocation_usd": 10000,
        "sl_factor": 0.4,
        "z_score": null,
        "prev_return_pct": 34.43,
        "vol_ratio": 1.0,
        "ticker_group": "SMALL"
      },
      {
        "ticker": "IOT",
        "action": "Long",
        "allocation_usd": 10000,
        "sl_factor": 3.2,
        "z_score": null,
        "prev_return_pct": 9.85,
        "vol_ratio": 2.26,
        "ticker_group": "SMALL"
      },
      {
        "ticker": "AVAV",
        "action": "Long",
        "allocation_usd": 10000,
        "sl_factor": 0.8,
        "z_score": null,
        "prev_return_pct": 7.07,
        "vol_ratio": 1.17,
        "ticker_group": "SMALL"
      }
    ]
  },
  "equity": {
    "A": [
      {
        "date": "2026-02-04",
        "equity": 10223.69
      },
      {
        "date": "2026-02-05",
        "equity": 10148.22
      },
      {
        "date": "2026-02-06",
        "equity": 10481.13
      },
      {
        "date": "2026-02-09",
        "equity": 10206.79
      },
      {
        "date": "2026-02-10",
        "equity": 10245.09
      },
      {
        "date": "2026-02-11",
        "equity": 10426.64
      },
      {
        "date": "2026-02-12",
        "equity": 10131.24
      },
      {
        "date": "2026-02-13",
        "equity": 10159.72
      },
      {
        "date": "2026-02-17",
        "equity": 10320.54
      },
      {
        "date": "2026-02-18",
        "equity": 9739.3
      },
      {
        "date": "2026-02-19",
        "equity": 9758.81
      },
      {
        "date": "2026-02-20",
        "equity": 9954.86
      },
      {
        "date": "2026-02-23",
        "equity": 10139.63
      },
      {
        "date": "2026-02-24",
        "equity": 10144.94
      },
      {
        "date": "2026-02-25",
        "equity": 10307.57
      },
      {
        "date": "2026-02-26",
        "equity": 10100.67
      },
      {
        "date": "2026-02-27",
        "equity": 9894.49
      },
      {
        "date": "2026-03-02",
        "equity": 10268.6
      },
      {
        "date": "2026-03-03",
        "equity": 10666.57
      },
      {
        "date": "2026-03-04",
        "equity": 10929.57
      },
      {
        "date": "2026-03-05",
        "equity": 10829.24
      },
      {
        "date": "2026-03-06",
        "equity": 11313.46
      }
    ],
    "B": [
      {
        "date": "2026-02-04",
        "equity": 9854.95
      },
      {
        "date": "2026-02-05",
        "equity": 9611.16
      },
      {
        "date": "2026-02-06",
        "equity": 9423.96
      },
      {
        "date": "2026-02-09",
        "equity": 9525.54
      },
      {
        "date": "2026-02-10",
        "equity": 9881.98
      },
      {
        "date": "2026-02-11",
        "equity": 9875.26
      },
      {
        "date": "2026-02-12",
        "equity": 9624.72
      },
      {
        "date": "2026-02-13",
        "equity": 9382.86
      },
      {
        "date": "2026-02-17",
        "equity": 8656.33
      },
      {
        "date": "2026-02-18",
        "equity": 8728.65
      },
      {
        "date": "2026-02-19",
        "equity": 8883.86
      },
      {
        "date": "2026-02-20",
        "equity": 8920.06
      },
      {
        "date": "2026-02-23",
        "equity": 9108.93
      },
      {
        "date": "2026-02-24",
        "equity": 8561.84
      },
      {
        "date": "2026-02-25",
        "equity": 8258.26
      },
      {
        "date": "2026-02-26",
        "equity": 8142.34
      },
      {
        "date": "2026-02-27",
        "equity": 7770.65
      },
      {
        "date": "2026-03-02",
        "equity": 7326.24
      },
      {
        "date": "2026-03-03",
        "equity": 6568.26
      },
      {
        "date": "2026-03-04",