{
  "timestamp": "2026-02-22T23:17:27.521719",
  "strategies": {
    "A": {
      "name": "Mean Reversion",
      "metrics": {
        "total_profit": -45.14000000000004,
        "total_return_pct": -0.4514000000000004,
        "num_trades": 39,
        "win_rate": 64.1025641025641,
        "avg_win": 70.7656,
        "avg_loss": -129.59142857142857,
        "sharpe_ratio": -0.16087830851314394,
        "max_drawdown_pct": 7.184918275878832,
        "profit_factor": 0.5460669797385189
      }
    },
    "B": {
      "name": "Volume Breakout",
      "metrics": {
        "total_profit": -1079.9400000000005,
        "total_return_pct": -10.799400000000006,
        "num_trades": 39,
        "win_rate": 46.15384615384615,
        "avg_win": 134.67666666666665,
        "avg_loss": -166.86285714285714,
        "sharpe_ratio": -2.343137083818154,
        "max_drawdown_pct": 14.400719101479135,
        "profit_factor": 0.8071099163270663
      }
    },
    "V": {
      "name": "Trend Breakout",
      "metrics": {
        "total_profit": 2311.6600000000003,
        "total_return_pct": 23.116600000000005,
        "num_trades": 39,
        "win_rate": 58.97435897435898,
        "avg_win": 187.12304347826085,
        "avg_loss": -124.510625,
        "sharpe_ratio": 3.461186760742443,
        "max_drawdown_pct": 9.11259112591126,
        "profit_factor": 1.5028680763449773
      }
    },
    "M": {
      "name": "Momentum",
      "metrics": {
        "total_profit": 6597.469999999999,
        "total_return_pct": 65.9747,
        "num_trades": 32,
        "win_rate": 46.875,
        "avg_win": 651.9953333333334,
        "avg_loss": -187.20352941176472,
        "sharpe_ratio": 5.905247096278984,
        "max_drawdown_pct": 9.43957064840574,
        "profit_factor": 3.482815390190817
      }
    }
  },
  "signals": {
    "A": [
      {
        "ticker": "GEV",
        "action": "Long",
        "allocation_usd": 10000,
        "sl_factor": 3.2,
        "z_score": 0.27,
        "prev_return_pct": null,
        "vol_ratio": 0.52,
        "ticker_group": "BIG + ETF"
      },
      {
        "ticker": "CM",
        "action": "Long",
        "allocation_usd": 10000,
        "sl_factor": 3.2,
        "z_score": 0.18,
        "prev_return_pct": null,
        "vol_ratio": 0.93,
        "ticker_group": "BIG + ETF"
      },
      {
        "ticker": "BHP",
        "action": "Long",
        "allocation_usd": 10000,
        "sl_factor": 0.6,
        "z_score": 0.09,
        "prev_return_pct": null,
        "vol_ratio": 0.79,
        "ticker_group": "BIG + ETF"
      }
    ],
    "B": [
      {
        "ticker": "MGCLY",
        "action": "Short",
        "allocation_usd": 10000,
        "sl_factor": 3.2,
        "z_score": 0.21,
        "prev_return_pct": null,
        "vol_ratio": 1.9,
        "ticker_group": "BIG + ETF"
      },
      {
        "ticker": "DE",
        "action": "Long",
        "allocation_usd": 10000,
        "sl_factor": 1.6,
        "z_score": 0.18,
        "prev_return_pct": null,
        "vol_ratio": 3.47,
        "ticker_group": "BIG + ETF"
      },
      {
        "ticker": "BX",
        "action": "Short",
        "allocation_usd": 10000,
        "sl_factor": 1.6,
        "z_score": 0.15,
        "prev_return_pct": null,
        "vol_ratio": 1.54,
        "ticker_group": "BIG + ETF"
      }
    ],
    "V": [
      {
        "ticker": "ULS",
        "action": "Long",
        "allocation_usd": 10000,
        "sl_factor": 0.8,
        "z_score": 0.17,
        "prev_return_pct": null,
        "vol_ratio": 2.57,
        "ticker_group": "SMALL"
      },
      {
        "ticker": "TPL",
        "action": "Long",
        "allocation_usd": 10000,
        "sl_factor": 0.8,
        "z_score": 0.12,
        "prev_return_pct": null,
        "vol_ratio": 1.63,
        "ticker_group": "SMALL"
      },
      {
        "ticker": "ONON",
        "action": "Long",
        "allocation_usd": 10000,
        "sl_factor": 0.6,
        "z_score": 0.11,
        "prev_return_pct": null,
        "vol_ratio": 0.71,
        "ticker_group": "SMALL"
      }
    ],
    "M": [
      {
        "ticker": "CSXXY",
        "action": "Long",
        "allocation_usd": 10000,
        "sl_factor": 0.4,
        "z_score": null,
        "prev_return_pct": 8.7,
        "vol_ratio": 6.1,
        "ticker_group": "SMALL"
      },
      {
        "ticker": "NJDCY",
        "action": "Long",
        "allocation_usd": 10000,
        "sl_factor": 0.4,
        "z_score": null,
        "prev_return_pct": 8.7,
        "vol_ratio": 0.5,
        "ticker_group": "SMALL"
      },
      {
        "ticker": "COHR",
        "action": "Long",
        "allocation_usd": 10000,
        "sl_factor": 0.6,
        "z_score": null,
        "prev_return_pct": 6.97,
        "vol_ratio": 0.7,
        "ticker_group": "SMALL"
      }
    ]
  },
  "equity": {
    "A": [
      {
        "date": "2026-02-04",
        "equity": 10223.69
      },
      {
        "date": "2026-02-05",
        "equity": 10148.22
      },
      {
        "date": "2026-02-06",
        "equity": 10481.13
      },
      {
        "date": "2026-02-09",
        "equity": 10206.79
      },
      {
        "date": "2026-02-10",
        "equity": 10245.09
      },
      {
        "date": "2026-02-11",
        "equity": 10426.64
      },
      {
        "date": "2026-02-12",
        "equity": 10131.24
      },
      {
        "date": "2026-02-13",
        "equity": 10159.72
      },
      {
        "date": "2026-02-17",
        "equity": 10320.54
      },
      {
        "date": "2026-02-18",
        "equity": 9739.3
      },
      {
        "date": "2026-02-19",
        "equity": 9758.81
      },
      {
        "date": "2026-02-20",
        "equity": 9954.86
      }
    ],
    "B": [
      {
        "date": "2026-02-04",
        "equity": 9854.95
      },
      {
        "date": "2026-02-05",
        "equity": 9611.16
      },
      {
        "date": "2026-02-06",
        "equity": 9423.96
      },
      {
        "date": "2026-02-09",
        "equity": 9525.54
      },
      {
        "date": "2026-02-10",
        "equity": 9881.98
      },
      {
        "date": "2026-02-11",
        "equity": 9875.26
      },
      {
        "date": "2026-02-12",
        "equity": 9624.72
      },
      {
        "date": "2026-02-13",
        "equity": 9382.86
      },
      {
        "date": "2026-02-17",
        "equity": 8656.33
      },
      {
        "date": "2026-02-18",
        "equity": 8728.65
      },
      {
        "date": "2026-02-19",
        "equity": 8883.86
      },
      {
        "date": "2026-02-20",
        "equity": 8920.06
      }
    ],
    "V": [
      {
        "date": "2026-02-04",
        "equity": 9799.16
      },
      {
        "date": "2026-02-05",
        "equity": 9920.44
      },
      {
        "date": "2026-02-06",
        "equity": 10105.91
      },
      {
        "date": "2026-02-09",
        "equity": 10444.34
      },
      {
        "date": "2026-02-10",
        "equity": 10165.12
      },
      {
        "date": "2026-02-11",
        "equity": 10110.51
      },
      {
        "date": "2026-02-12",
        "equity": 9492.59
      },
      {
        "date": "2026-02-13",
        "equity": 11144.28
      },
      {
        "date": "2026-02-17",
        "equity": 11266.36
      },
      {
        "date": "2026-02-18",
        "equity": 10874.48
      },
      {
        "date": "2026-02-19",
        "equity": 12068.94
      },
      {
        "date": "2026-02-20",
        "equity": 12311.66
      }
    ],
    "M": [
      {
        "date": "2026-02-04",
        "equity": 11024.63
      },
      {
        "date": "2026-02-05",
        "equity": 14892.66
      },
      {
        "date": "2026-02-06",
        "equity": 15431.03
      },
      {
        "date": "2026-02-09",
        "equity": 16065.03
      },
      {
        "date": "2026-02-10",
        "equity": 15591.44
      },
      {
        "date": "2026-02-11",