{
  "timestamp": "2026-02-13T23:22:49.829741",
  "strategies": {
    "A": {
      "name": "Mean Reversion",
      "metrics": {
        "total_profit": 59.48000000000002,
        "total_return_pct": 0.5948000000000002,
        "num_trades": 24,
        "win_rate": 62.5,
        "avg_win": 76.114,
        "avg_loss": -120.24777777777778,
        "sharpe_ratio": 0.3564929205516585,
        "max_drawdown_pct": 4.937183307713638,
        "profit_factor": 0.6329763543793833
      }
    },
    "B": {
      "name": "Volume Breakout",
      "metrics": {
        "total_profit": -384.3900000000001,
        "total_return_pct": -3.843900000000001,
        "num_trades": 24,
        "win_rate": 45.83333333333333,
        "avg_win": 163.25818181818184,
        "avg_loss": -167.71,
        "sharpe_ratio": -1.285886611235645,
        "max_drawdown_pct": 6.999252784506065,
        "profit_factor": 0.973455260975385
      }
    },
    "V": {
      "name": "Trend Breakout",
      "metrics": {
        "total_profit": 425.2600000000001,
        "total_return_pct": 4.252600000000001,
        "num_trades": 24,
        "win_rate": 58.333333333333336,
        "avg_win": 133.25071428571428,
        "avg_loss": -144.025,
        "sharpe_ratio": 1.485746312786057,
        "max_drawdown_pct": 9.11259112591126,
        "profit_factor": 0.925191559005133
      }
    },
    "M": {
      "name": "Momentum",
      "metrics": {
        "total_profit": 4808.490000000001,
        "total_return_pct": 48.084900000000005,
        "num_trades": 21,
        "win_rate": 52.38095238095239,
        "avg_win": 631.9654545454546,
        "avg_loss": -214.31300000000002,
        "sharpe_ratio": 6.289211156742426,
        "max_drawdown_pct": 9.43957064840574,
        "profit_factor": 2.9487966411064868
      }
    }
  },
  "signals": {
    "A": [
      {
        "ticker": "NGG",
        "action": "Long",
        "allocation_usd": 10000,
        "sl_factor": 3.2,
        "z_score": 0.22,
        "prev_return_pct": null,
        "vol_ratio": 2.65,
        "ticker_group": "BIG + ETF"
      },
      {
        "ticker": "TAK",
        "action": "Long",
        "allocation_usd": 10000,
        "sl_factor": 1.6,
        "z_score": 0.17,
        "prev_return_pct": null,
        "vol_ratio": 0.81,
        "ticker_group": "BIG + ETF"
      },
      {
        "ticker": "SMFG",
        "action": "Long",
        "allocation_usd": 10000,
        "sl_factor": 0.8,
        "z_score": 0.16,
        "prev_return_pct": null,
        "vol_ratio": 1.51,
        "ticker_group": "BIG + ETF"
      }
    ],
    "B": [
      {
        "ticker": "RELX",
        "action": "Long",
        "allocation_usd": 10000,
        "sl_factor": 0.4,
        "z_score": 0.19,
        "prev_return_pct": null,
        "vol_ratio": 1.73,
        "ticker_group": "BIG + ETF"
      },
      {
        "ticker": "DE",
        "action": "Short",
        "allocation_usd": 10000,
        "sl_factor": 1.6,
        "z_score": 0.18,
        "prev_return_pct": null,
        "vol_ratio": 1.77,
        "ticker_group": "BIG + ETF"
      },
      {
        "ticker": "ALNY",
        "action": "Short",
        "allocation_usd": 10000,
        "sl_factor": 3.2,
        "z_score": 0.17,
        "prev_return_pct": null,
        "vol_ratio": 1.74,
        "ticker_group": "BIG + ETF"
      }
    ],
    "V": [
      {
        "ticker": "RSHGY",
        "action": "Long",
        "allocation_usd": 10000,
        "sl_factor": 1.6,
        "z_score": 0.34,
        "prev_return_pct": null,
        "vol_ratio": 0.75,
        "ticker_group": "SMALL"
      },
      {
        "ticker": "NCLTY",
        "action": "Long",
        "allocation_usd": 10000,
        "sl_factor": 0.4,
        "z_score": 0.22,
        "prev_return_pct": null,
        "vol_ratio": 0.35,
        "ticker_group": "SMALL"
      },
      {
        "ticker": "UUGRY",
        "action": "Long",
        "allocation_usd": 10000,
        "sl_factor": 0.4,
        "z_score": 0.19,
        "prev_return_pct": null,
        "vol_ratio": 0.83,
        "ticker_group": "SMALL"
      }
    ],
    "M": [
      {
        "ticker": "NJDCY",
        "action": "Long",
        "allocation_usd": 10000,
        "sl_factor": 0.4,
        "z_score": null,
        "prev_return_pct": 17.14,
        "vol_ratio": 0.15,
        "ticker_group": "SMALL"
      },
      {
        "ticker": "ICLR",
        "action": "Long",
        "allocation_usd": 10000,
        "sl_factor": 3.2,
        "z_score": null,
        "prev_return_pct": 13.91,
        "vol_ratio": 10.47,
        "ticker_group": "SMALL"
      },
      {
        "ticker": "NBIS",
        "action": "Long",
        "allocation_usd": 10000,
        "sl_factor": 1.6,
        "z_score": null,
        "prev_return_pct": 9.3,
        "vol_ratio": 1.82,
        "ticker_group": "SMALL"
      }
    ]
  },
  "equity": {
    "A": [
      {
        "date": "2026-02-04",
        "equity": 10223.69
      },
      {
        "date": "2026-02-05",
        "equity": 10148.22
      },
      {
        "date": "2026-02-06",
        "equity": 10481.13
      },
      {
        "date": "2026-02-09",
        "equity": 10206.79
      },
      {
        "date": "2026-02-10",
        "equity": 10245.09
      },
      {
        "date": "2026-02-11",
        "equity": 10426.64
      },
      {
        "date": "2026-02-12",
        "equity": 10131.24
      },
      {
        "date": "2026-02-13",
        "equity": 10059.48
      }
    ],
    "B": [
      {
        "date": "2026-02-04",
        "equity": 9854.95
      },
      {
        "date": "2026-02-05",
        "equity": 9611.16
      },
      {
        "date": "2026-02-06",
        "equity": 9423.96
      },
      {
        "date": "2026-02-09",
        "equity": 9525.54
      },
      {
        "date": "2026-02-10",
        "equity": 9881.98
      },
      {
        "date": "2026-02-11",
        "equity": 9875.26
      },
      {
        "date": "2026-02-12",
        "equity": 9624.72
      },
      {
        "date": "2026-02-13",
        "equity": 9615.61
      }
    ],
    "V": [
      {
        "date": "2026-02-04",
        "equity": 9799.16
      },
      {
        "date": "2026-02-05",
        "equity": 9920.44
      },
      {
        "date": "2026-02-06",
        "equity": 10105.91
      },
      {
        "date": "2026-02-09",
        "equity": 10444.34
      },
      {
        "date": "2026-02-10",
        "equity": 10165.12
      },
      {
        "date": "2026-02-11",
        "equity": 10110.51
      },
      {
        "date": "2026-02-12",
        "equity": 9492.59
      },
      {
        "date": "2026-02-13",
        "equity": 10425.26
      }
    ],
    "M": [
      {
        "date": "2026-02-04",
        "equity": 11024.63
      },
      {
        "date": "2026-02-05",
        "equity": 14892.66
      },
      {
        "date": "2026-02-06",
        "equity": 15431.03
      },
      {
        "date": "2026-02-09",
        "equity": 16065.03
      },
      {
        "date": "2026-02-10",
        "equity": 15591.44
      },
      {
        "date": "2026-02-11",
        "equity": 14731.16
      },
      {
        "date": "2026-02-12",
        "equity": 14770.59
      },
      {
        "date": "2026-02-13",
        "equity": 14808.49
      }
    ]
  }
}