{
  "timestamp": "2026-03-18T23:23:04.693070",
  "strategies": {
    "A": {
      "name": "Mean Reversion",
      "metrics": {
        "total_profit": 460.2799999999997,
        "total_return_pct": 4.602799999999998,
        "num_trades": 93,
        "win_rate": 59.13978494623656,
        "avg_win": 92.68563636363635,
        "avg_loss": -122.03763157894736,
        "sharpe_ratio": 0.5847493524083545,
        "max_drawdown_pct": 11.288356784081671,
        "profit_factor": 0.7594840637633736
      }
    },
    "B": {
      "name": "Volume Breakout",
      "metrics": {
        "total_profit": -4054.9800000000005,
        "total_return_pct": -40.549800000000005,
        "num_trades": 93,
        "win_rate": 37.634408602150536,
        "avg_win": 133.0828571428571,
        "avg_loss": -150.22206896551728,
        "sharpe_ratio": -3.942845175357497,
        "max_drawdown_pct": 41.761976619313295,
        "profit_factor": 0.8859074972093854
      }
    },
    "V": {
      "name": "Trend Breakout",
      "metrics": {
        "total_profit": 1358.6000000000001,
        "total_return_pct": 13.586,
        "num_trades": 93,
        "win_rate": 53.76344086021505,
        "avg_win": 160.56220000000002,
        "avg_loss": -155.10488372093022,
        "sharpe_ratio": 0.98836942436584,
        "max_drawdown_pct": 16.369210651870436,
        "profit_factor": 1.0351846837323884
      }
    },
    "M": {
      "name": "Momentum",
      "metrics": {
        "total_profit": 4415.939999999999,
        "total_return_pct": 44.15939999999999,
        "num_trades": 77,
        "win_rate": 44.15584415584416,
        "avg_win": 429.0326470588236,
        "avg_loss": -236.53883720930233,
        "sharpe_ratio": 2.0120945855317247,
        "max_drawdown_pct": 18.557416243614668,
        "profit_factor": 1.8137936760008353
      }
    }
  },
  "signals": {
    "A": [
      {
        "ticker": "CPNG",
        "action": "Long",
        "allocation_usd": 10000,
        "sl_factor": 1.6,
        "z_score": 0.19,
        "prev_return_pct": null,
        "vol_ratio": 0.71,
        "ticker_group": "BIG + ETF"
      },
      {
        "ticker": "BAESY",
        "action": "Long",
        "allocation_usd": 10000,
        "sl_factor": 0.6,
        "z_score": 0.15,
        "prev_return_pct": null,
        "vol_ratio": 0.85,
        "ticker_group": "BIG + ETF"
      },
      {
        "ticker": "CNQ",
        "action": "Long",
        "allocation_usd": 10000,
        "sl_factor": 0.6,
        "z_score": 0.1,
        "prev_return_pct": null,
        "vol_ratio": 1.09,
        "ticker_group": "BIG + ETF"
      }
    ],
    "B": [
      {
        "ticker": "MGCLY",
        "action": "Short",
        "allocation_usd": 10000,
        "sl_factor": 3.2,
        "z_score": 0.19,
        "prev_return_pct": null,
        "vol_ratio": 2.97,
        "ticker_group": "BIG + ETF"
      },
      {
        "ticker": "ALNY",
        "action": "Long",
        "allocation_usd": 10000,
        "sl_factor": 3.2,
        "z_score": 0.18,
        "prev_return_pct": null,
        "vol_ratio": 1.62,
        "ticker_group": "BIG + ETF"
      },
      {
        "ticker": "RELX",
        "action": "Short",
        "allocation_usd": 10000,
        "sl_factor": 0.4,
        "z_score": 0.18,
        "prev_return_pct": null,
        "vol_ratio": 1.76,
        "ticker_group": "BIG + ETF"
      }
    ],
    "V": [
      {
        "ticker": "ULS",
        "action": "Long",
        "allocation_usd": 10000,
        "sl_factor": 0.8,
        "z_score": 0.17,
        "prev_return_pct": null,
        "vol_ratio": 0.69,
        "ticker_group": "SMALL"
      },
      {
        "ticker": "BZLFY",
        "action": "Long",
        "allocation_usd": 10000,
        "sl_factor": 3.2,
        "z_score": 0.15,
        "prev_return_pct": null,
        "vol_ratio": 0.19,
        "ticker_group": "SMALL"
      },
      {
        "ticker": "FRHC",
        "action": "Long",
        "allocation_usd": 10000,
        "sl_factor": 0.6,
        "z_score": 0.09,
        "prev_return_pct": null,
        "vol_ratio": 0.79,
        "ticker_group": "SMALL"
      }
    ],
    "M": [
      {
        "ticker": "DOCU",
        "action": "Long",
        "allocation_usd": 10000,
        "sl_factor": 0.4,
        "z_score": null,
        "prev_return_pct": 6.87,
        "vol_ratio": 1.5,
        "ticker_group": "SMALL"
      },
      {
        "ticker": "LULU",
        "action": "Long",
        "allocation_usd": 10000,
        "sl_factor": 3.2,
        "z_score": null,
        "prev_return_pct": 4.65,
        "vol_ratio": 2.5,
        "ticker_group": "SMALL"
      },
      {
        "ticker": "YPF",
        "action": "Long",
        "allocation_usd": 10000,
        "sl_factor": 3.2,
        "z_score": null,
        "prev_return_pct": 4.47,
        "vol_ratio": 1.11,
        "ticker_group": "SMALL"
      }
    ]
  },
  "equity": {
    "A": [
      {
        "date": "2026-02-04",
        "equity": 10223.69
      },
      {
        "date": "2026-02-05",
        "equity": 10148.22
      },
      {
        "date": "2026-02-06",
        "equity": 10481.13
      },
      {
        "date": "2026-02-09",
        "equity": 10206.79
      },
      {
        "date": "2026-02-10",
        "equity": 10245.09
      },
      {
        "date": "2026-02-11",
        "equity": 10426.64
      },
      {
        "date": "2026-02-12",
        "equity": 10131.24
      },
      {
        "date": "2026-02-13",
        "equity": 10159.72
      },
      {
        "date": "2026-02-17",
        "equity": 10320.54
      },
      {
        "date": "2026-02-18",
        "equity": 9739.3
      },
      {
        "date": "2026-02-19",
        "equity": 9758.81
      },
      {
        "date": "2026-02-20",
        "equity": 9954.86
      },
      {
        "date": "2026-02-23",
        "equity": 10139.63
      },
      {
        "date": "2026-02-24",
        "equity": 10144.94
      },
      {
        "date": "2026-02-25",
        "equity": 10307.57
      },
      {
        "date": "2026-02-26",
        "equity": 10100.67
      },
      {
        "date": "2026-02-27",
        "equity": 9894.49
      },
      {
        "date": "2026-03-02",
        "equity": 10268.6
      },
      {
        "date": "2026-03-03",
        "equity": 10666.57
      },
      {
        "date": "2026-03-04",
        "equity": 10929.57
      },
      {
        "date": "2026-03-05",
        "equity": 10829.24
      },
      {
        "date": "2026-03-06",
        "equity": 11313.46
      },
      {
        "date": "2026-03-09",
        "equity": 11729.39
      },
      {
        "date": "2026-03-10",
        "equity": 11335.64
      },
      {
        "date": "2026-03-11",
        "equity": 11346.45
      },
      {
        "date": "2026-03-12",
        "equity": 11241.56
      },
      {
        "date": "2026-03-13",
        "equity": 10987.7
      },
      {
        "date": "2026-03-16",
        "equity": 11084.47
      },
      {
        "date": "2026-03-17",
        "equity": 10884.17
      },
      {
        "date": "2026-03-18",
        "equity": 10460.28
      }
    ],
    "B": [
      {
        "date": "2026-02-04",
        "equity": 9854.95
      },
      {
        "date": "2026-02-05",
        "equity": 9611.16
      },
      {
        "date": "2026-02-06",
        "equity": 9423.96
      },
      {
        "date": "2026-02-09",
        "equity": 9525.54
      },
      {
        "date": "2026-02-10",
        "equity": 9881.98
      },
      {
        "date": "2026-02-11",
        "equity": 9875.26
      },
      {
        "date": "2026-02-12",
        "equity": 9624.72
      },
      {
        "date": "2026-02-13",
        "equity": 9382.86
      },
      {
        "date": "2026-02-17",
        "equity": 8656.33
      },
      {
        "date": "2026-02-18",
        "equity": 8728.65
      },
      {
        "date": "2026-02-19",
        "equity": 8883.86
      },
      {
        "date": "2026-02-20",