{
  "timestamp": "2026-04-01T23:28:55.446852",
  "strategies": {
    "A": {
      "name": "Mean Reversion",
      "metrics": {
        "total_profit": 151.66999999999962,
        "total_return_pct": 1.5166999999999962,
        "num_trades": 120,
        "win_rate": 55.00000000000001,
        "avg_win": 112.12727272727274,
        "avg_loss": -134.23574074074074,
        "sharpe_ratio": 0.12149310705505437,
        "max_drawdown_pct": 15.742980477230798,
        "profit_factor": 0.8353011806582296
      }
    },
    "B": {
      "name": "Volume Breakout",
      "metrics": {
        "total_profit": -3912.2899999999995,
        "total_return_pct": -39.122899999999994,
        "num_trades": 123,
        "win_rate": 39.83739837398374,
        "avg_win": 134.72387755102042,
        "avg_loss": -142.07783783783785,
        "sharpe_ratio": -2.8923098282595285,
        "max_drawdown_pct": 43.95942891159759,
        "profit_factor": 0.9482399197599631
      }
    },
    "V": {
      "name": "Trend Breakout",
      "metrics": {
        "total_profit": 442.70000000000005,
        "total_return_pct": 4.4270000000000005,
        "num_trades": 123,
        "win_rate": 51.21951219512195,
        "avg_win": 152.05,
        "avg_loss": -152.27416666666667,
        "sharpe_ratio": 0.2574488394086057,
        "max_drawdown_pct": 23.112774116025523,
        "profit_factor": 0.9985278746121306
      }
    },
    "M": {
      "name": "Momentum",
      "metrics": {
        "total_profit": 2657.2500000000005,
        "total_return_pct": 26.572500000000005,
        "num_trades": 106,
        "win_rate": 43.39622641509434,
        "avg_win": 404.4039130434783,
        "avg_loss": -265.7555,
        "sharpe_ratio": 0.8872266644870372,
        "max_drawdown_pct": 32.70445190427066,
        "profit_factor": 1.5217141810554375
      }
    }
  },
  "signals": {
    "A": [
      {
        "ticker": "TAK",
        "action": "Long",
        "allocation_usd": 10000,
        "sl_factor": 1.6,
        "z_score": 0.17,
        "prev_return_pct": null,
        "vol_ratio": 1.79,
        "ticker_group": "BIG + ETF"
      },
      {
        "ticker": "ALNY",
        "action": "Long",
        "allocation_usd": 10000,
        "sl_factor": 3.2,
        "z_score": 0.06,
        "prev_return_pct": null,
        "vol_ratio": 1.14,
        "ticker_group": "BIG + ETF"
      },
      {
        "ticker": "CTVA",
        "action": "Long",
        "allocation_usd": 10000,
        "sl_factor": 3.2,
        "z_score": 0.06,
        "prev_return_pct": null,
        "vol_ratio": 1.24,
        "ticker_group": "BIG + ETF"
      }
    ],
    "B": [
      {
        "ticker": "UL",
        "action": "Short",
        "allocation_usd": 10000,
        "sl_factor": 0.4,
        "z_score": 0.13,
        "prev_return_pct": null,
        "vol_ratio": 3.75,
        "ticker_group": "BIG + ETF"
      },
      {
        "ticker": "RSG",
        "action": "Short",
        "allocation_usd": 10000,
        "sl_factor": 1.6,
        "z_score": 0.1,
        "prev_return_pct": null,
        "vol_ratio": 1.5,
        "ticker_group": "BIG + ETF"
      },
      {
        "ticker": "TDG",
        "action": "Long",
        "allocation_usd": 10000,
        "sl_factor": 0.4,
        "z_score": 0.07,
        "prev_return_pct": null,
        "vol_ratio": 1.58,
        "ticker_group": "BIG + ETF"
      }
    ],
    "V": [
      {
        "ticker": "EDPFY",
        "action": "Long",
        "allocation_usd": 10000,
        "sl_factor": 1.6,
        "z_score": 0.18,
        "prev_return_pct": null,
        "vol_ratio": 0.67,
        "ticker_group": "SMALL"
      },
      {
        "ticker": "CRRFY",
        "action": "Long",
        "allocation_usd": 10000,
        "sl_factor": 1.6,
        "z_score": 0.16,
        "prev_return_pct": null,
        "vol_ratio": 0.77,
        "ticker_group": "SMALL"
      },
      {
        "ticker": "CIB",
        "action": "Long",
        "allocation_usd": 10000,
        "sl_factor": 3.2,
        "z_score": 0.14,
        "prev_return_pct": null,
        "vol_ratio": 0.56,
        "ticker_group": "SMALL"
      }
    ],
    "M": [
      {
        "ticker": "SNX",
        "action": "Long",
        "allocation_usd": 10000,
        "sl_factor": 3.2,
        "z_score": null,
        "prev_return_pct": 8.82,
        "vol_ratio": 3.12,
        "ticker_group": "SMALL"
      },
      {
        "ticker": "SNAP",
        "action": "Long",
        "allocation_usd": 10000,
        "sl_factor": 3.2,
        "z_score": null,
        "prev_return_pct": 6.06,
        "vol_ratio": 2.48,
        "ticker_group": "SMALL"
      },
      {
        "ticker": "MBLY",
        "action": "Long",
        "allocation_usd": 10000,
        "sl_factor": 3.2,
        "z_score": null,
        "prev_return_pct": 5.27,
        "vol_ratio": 1.02,
        "ticker_group": "SMALL"
      }
    ]
  },
  "equity": {
    "A": [
      {
        "date": "2026-02-04",
        "equity": 10223.69
      },
      {
        "date": "2026-02-05",
        "equity": 10148.22
      },
      {
        "date": "2026-02-06",
        "equity": 10481.13
      },
      {
        "date": "2026-02-09",
        "equity": 10206.79
      },
      {
        "date": "2026-02-10",
        "equity": 10245.09
      },
      {
        "date": "2026-02-11",
        "equity": 10426.64
      },
      {
        "date": "2026-02-12",
        "equity": 10131.24
      },
      {
        "date": "2026-02-13",
        "equity": 10159.72
      },
      {
        "date": "2026-02-17",
        "equity": 10320.54
      },
      {
        "date": "2026-02-18",
        "equity": 9739.3
      },
      {
        "date": "2026-02-19",
        "equity": 9758.81
      },
      {
        "date": "2026-02-20",
        "equity": 9954.86
      },
      {
        "date": "2026-02-23",
        "equity": 10139.63
      },
      {
        "date": "2026-02-24",
        "equity": 10144.94
      },
      {
        "date": "2026-02-25",
        "equity": 10307.57
      },
      {
        "date": "2026-02-26",
        "equity": 10100.67
      },
      {
        "date": "2026-02-27",
        "equity": 9894.49
      },
      {
        "date": "2026-03-02",
        "equity": 10268.6
      },
      {
        "date": "2026-03-03",
        "equity": 10666.57
      },
      {
        "date": "2026-03-04",
        "equity": 10929.57
      },
      {
        "date": "2026-03-05",
        "equity": 10829.24
      },
      {
        "date": "2026-03-06",
        "equity": 11313.46
      },
      {
        "date": "2026-03-09",
        "equity": 11729.39
      },
      {
        "date": "2026-03-10",
        "equity": 11335.64
      },
      {
        "date": "2026-03-11",
        "equity": 11346.45
      },
      {
        "date": "2026-03-12",
        "equity": 11241.56
      },
      {
        "date": "2026-03-13",
        "equity": 10987.7
      },
      {
        "date": "2026-03-16",
        "equity": 11084.47
      },
      {
        "date": "2026-03-17",
        "equity": 10884.17
      },
      {
        "date": "2026-03-18",
        "equity": 10460.28
      },
      {
        "date": "2026-03-19",
        "equity": 10596.0
      },
      {
        "date": "2026-03-20",
        "equity": 9927.28
      },
      {
        "date": "2026-03-23",
        "equity": 10602.74
      },
      {
        "date": "2026-03-24",
        "equity": 11336.53
      },
      {
        "date": "2026-03-25",
        "equity": 11151.9
      },
      {
        "date": "2026-03-26",
        "equity": 10766.33
      },
      {
        "date": "2026-03-27",
        "equity": 10559.82
      },
      {
        "date": "2026-03-30",
        "equity": 10410.55
      },
      {
        "date": "2026-03-31",
        "equity": 10162.26
      },
      {
        "date": "2026-04-01",
        "equity": 10151.67
      }
    ],
    "B": [
      {
        "date": "2026-02-04",
        "equity": 9854.95
      },
      {
        "date": "2026-02-05",