{
  "timestamp": "2026-02-10T23:31:59.311902",
  "strategies": {
    "A": {
      "name": "Mean Reversion",
      "metrics": {
        "total_profit": 245.09000000000003,
        "total_return_pct": 2.4509000000000003,
        "num_trades": 15,
        "win_rate": 60.0,
        "avg_win": 94.99444444444445,
        "avg_loss": -101.64333333333333,
        "sharpe_ratio": 2.370583213417364,
        "max_drawdown_pct": 2.8746153472286364,
        "profit_factor": 0.9345860798653244
      }
    },
    "B": {
      "name": "Volume Breakout",
      "metrics": {
        "total_profit": -118.02000000000002,
        "total_return_pct": -1.1802000000000001,
        "num_trades": 15,
        "win_rate": 53.333333333333336,
        "avg_win": 91.63625,
        "avg_loss": -121.58714285714288,
        "sharpe_ratio": -1.0396817613662572,
        "max_drawdown_pct": 6.999252784506065,
        "profit_factor": 0.7536672698006132
      }
    },
    "V": {
      "name": "Trend Breakout",
      "metrics": {
        "total_profit": 165.12000000000003,
        "total_return_pct": 1.6512000000000002,
        "num_trades": 15,
        "win_rate": 60.0,
        "avg_win": 87.35444444444445,
        "avg_loss": -103.51166666666667,
        "sharpe_ratio": 1.530540650221725,
        "max_drawdown_pct": 3.394661606190523,
        "profit_factor": 0.8439091675119821
      }
    },
    "M": {
      "name": "Momentum",
      "metrics": {
        "total_profit": 5591.44,
        "total_return_pct": 55.9144,
        "num_trades": 12,
        "win_rate": 66.66666666666666,
        "avg_win": 773.6524999999999,
        "avg_loss": -149.445,
        "sharpe_ratio": 11.988955988092206,
        "max_drawdown_pct": 3.3075800103939414,
        "profit_factor": 5.176837632573856
      }
    }
  },
  "signals": {
    "A": [
      {
        "ticker": "GEV",
        "action": "Long",
        "allocation_usd": 10000,
        "sl_factor": 3.2,
        "z_score": 0.27,
        "prev_return_pct": null,
        "vol_ratio": 0.88,
        "ticker_group": "BIG + ETF"
      },
      {
        "ticker": "SMFG",
        "action": "Long",
        "allocation_usd": 10000,
        "sl_factor": 0.8,
        "z_score": 0.16,
        "prev_return_pct": null,
        "vol_ratio": 1.11,
        "ticker_group": "BIG + ETF"
      },
      {
        "ticker": "CARR",
        "action": "Long",
        "allocation_usd": 10000,
        "sl_factor": 0.4,
        "z_score": 0.14,
        "prev_return_pct": null,
        "vol_ratio": 0.87,
        "ticker_group": "BIG + ETF"
      }
    ],
    "B": [
      {
        "ticker": "KKR",
        "action": "Long",
        "allocation_usd": 10000,
        "sl_factor": 0.6,
        "z_score": 0.12,
        "prev_return_pct": null,
        "vol_ratio": 1.61,
        "ticker_group": "BIG + ETF"
      },
      {
        "ticker": "APO",
        "action": "Short",
        "allocation_usd": 10000,
        "sl_factor": 0.4,
        "z_score": 0.12,
        "prev_return_pct": null,
        "vol_ratio": 1.52,
        "ticker_group": "BIG + ETF"
      },
      {
        "ticker": "PANW",
        "action": "Long",
        "allocation_usd": 10000,
        "sl_factor": 0.6,
        "z_score": 0.12,
        "prev_return_pct": null,
        "vol_ratio": 2.62,
        "ticker_group": "BIG + ETF"
      }
    ],
    "V": [
      {
        "ticker": "RSHGY",
        "action": "Long",
        "allocation_usd": 10000,
        "sl_factor": 1.6,
        "z_score": 0.34,
        "prev_return_pct": null,
        "vol_ratio": 1.15,
        "ticker_group": "SMALL"
      },
      {
        "ticker": "AS",
        "action": "Long",
        "allocation_usd": 10000,
        "sl_factor": 1.6,
        "z_score": 0.22,
        "prev_return_pct": null,
        "vol_ratio": 2.03,
        "ticker_group": "SMALL"
      },
      {
        "ticker": "NCLTY",
        "action": "Long",
        "allocation_usd": 10000,
        "sl_factor": 3.2,
        "z_score": 0.21,
        "prev_return_pct": null,
        "vol_ratio": 0.59,
        "ticker_group": "SMALL"
      }
    ],
    "M": [
      {
        "ticker": "GTM",
        "action": "Long",
        "allocation_usd": 10000,
        "sl_factor": 0.4,
        "z_score": null,
        "prev_return_pct": 9.68,
        "vol_ratio": 2.44,
        "ticker_group": "SMALL"
      },
      {
        "ticker": "ARMK",
        "action": "Long",
        "allocation_usd": 10000,
        "sl_factor": 0.6,
        "z_score": null,
        "prev_return_pct": 6.92,
        "vol_ratio": 2.44,
        "ticker_group": "SMALL"
      },
      {
        "ticker": "KVYO",
        "action": "Long",
        "allocation_usd": 10000,
        "sl_factor": 3.2,
        "z_score": null,
        "prev_return_pct": 6.29,
        "vol_ratio": 1.64,
        "ticker_group": "SMALL"
      }
    ]
  },
  "equity": {
    "A": [
      {
        "date": "2026-02-04",
        "equity": 10223.69
      },
      {
        "date": "2026-02-05",
        "equity": 10148.22
      },
      {
        "date": "2026-02-06",
        "equity": 10481.13
      },
      {
        "date": "2026-02-09",
        "equity": 10206.79
      },
      {
        "date": "2026-02-10",
        "equity": 10245.09
      }
    ],
    "B": [
      {
        "date": "2026-02-04",
        "equity": 9854.95
      },
      {
        "date": "2026-02-05",
        "equity": 9611.16
      },
      {
        "date": "2026-02-06",
        "equity": 9423.96
      },
      {
        "date": "2026-02-09",
        "equity": 9525.54
      },
      {
        "date": "2026-02-10",
        "equity": 9881.98
      }
    ],
    "V": [
      {
        "date": "2026-02-04",
        "equity": 9799.16
      },
      {
        "date": "2026-02-05",
        "equity": 9920.44
      },
      {
        "date": "2026-02-06",
        "equity": 10105.91
      },
      {
        "date": "2026-02-09",
        "equity": 10444.34
      },
      {
        "date": "2026-02-10",
        "equity": 10165.12
      }
    ],
    "M": [
      {
        "date": "2026-02-04",
        "equity": 11024.63
      },
      {
        "date": "2026-02-05",
        "equity": 14892.66
      },
      {
        "date": "2026-02-06",
        "equity": 15431.03
      },
      {
        "date": "2026-02-09",
        "equity": 16065.03
      },
      {
        "date": "2026-02-10",
        "equity": 15591.44
      }
    ]
  }
}