{
  "timestamp": "2026-02-23T23:27:12.631404",
  "strategies": {
    "A": {
      "name": "Mean Reversion",
      "metrics": {
        "total_profit": 139.6299999999999,
        "total_return_pct": 1.3962999999999992,
        "num_trades": 42,
        "win_rate": 64.28571428571429,
        "avg_win": 74.10777777777778,
        "avg_loss": -124.08533333333331,
        "sharpe_ratio": 0.4664423727434543,
        "max_drawdown_pct": 7.184918275878832,
        "profit_factor": 0.5972323705550304
      }
    },
    "B": {
      "name": "Volume Breakout",
      "metrics": {
        "total_profit": -891.0700000000002,
        "total_return_pct": -8.910700000000002,
        "num_trades": 42,
        "win_rate": 45.23809523809524,
        "avg_win": 151.50947368421052,
        "avg_loss": -163.90217391304347,
        "sharpe_ratio": -1.7095416591581618,
        "max_drawdown_pct": 14.419507506462212,
        "profit_factor": 0.9243896530902161
      }
    },
    "V": {
      "name": "Trend Breakout",
      "metrics": {
        "total_profit": 1690.58,
        "total_return_pct": 16.9058,
        "num_trades": 42,
        "win_rate": 54.761904761904766,
        "avg_win": 187.12304347826085,
        "avg_loss": -137.53947368421052,
        "sharpe_ratio": 2.35958333893029,
        "max_drawdown_pct": 9.11259112591126,
        "profit_factor": 1.3605042862668923
      }
    },
    "M": {
      "name": "Momentum",
      "metrics": {
        "total_profit": 6592.28,
        "total_return_pct": 65.9228,
        "num_trades": 34,
        "win_rate": 47.05882352941176,
        "avg_win": 613.120625,
        "avg_loss": -178.75833333333333,
        "sharpe_ratio": 5.70007324262782,
        "max_drawdown_pct": 9.43957064840574,
        "profit_factor": 3.429885553121067
      }
    }
  },
  "signals": {
    "A": [
      {
        "ticker": "SPG",
        "action": "Long",
        "allocation_usd": 10000,
        "sl_factor": 3.2,
        "z_score": 0.12,
        "prev_return_pct": null,
        "vol_ratio": 0.83,
        "ticker_group": "BIG + ETF"
      },
      {
        "ticker": "PSA",
        "action": "Long",
        "allocation_usd": 10000,
        "sl_factor": 0.8,
        "z_score": 0.09,
        "prev_return_pct": null,
        "vol_ratio": 0.99,
        "ticker_group": "BIG + ETF"
      },
      {
        "ticker": "MO",
        "action": "Long",
        "allocation_usd": 10000,
        "sl_factor": 0.4,
        "z_score": 0.08,
        "prev_return_pct": null,
        "vol_ratio": 0.66,
        "ticker_group": "BIG + ETF"
      }
    ],
    "B": [
      {
        "ticker": "MGCLY",
        "action": "Short",
        "allocation_usd": 10000,
        "sl_factor": 3.2,
        "z_score": 0.21,
        "prev_return_pct": null,
        "vol_ratio": 1.9,
        "ticker_group": "BIG + ETF"
      },
      {
        "ticker": "BX",
        "action": "Short",
        "allocation_usd": 10000,
        "sl_factor": 1.6,
        "z_score": 0.15,
        "prev_return_pct": null,
        "vol_ratio": 1.88,
        "ticker_group": "BIG + ETF"
      },
      {
        "ticker": "PANW",
        "action": "Short",
        "allocation_usd": 10000,
        "sl_factor": 0.6,
        "z_score": 0.12,
        "prev_return_pct": null,
        "vol_ratio": 1.73,
        "ticker_group": "BIG + ETF"
      }
    ],
    "V": [
      {
        "ticker": "AS",
        "action": "Long",
        "allocation_usd": 10000,
        "sl_factor": 1.6,
        "z_score": 0.22,
        "prev_return_pct": null,
        "vol_ratio": 0.9,
        "ticker_group": "SMALL"
      },
      {
        "ticker": "ULS",
        "action": "Long",
        "allocation_usd": 10000,
        "sl_factor": 0.8,
        "z_score": 0.17,
        "prev_return_pct": null,
        "vol_ratio": 0.91,
        "ticker_group": "SMALL"
      },
      {
        "ticker": "TPL",
        "action": "Long",
        "allocation_usd": 10000,
        "sl_factor": 0.8,
        "z_score": 0.11,
        "prev_return_pct": null,
        "vol_ratio": 1.91,
        "ticker_group": "SMALL"
      }
    ],
    "M": [
      {
        "ticker": "BE",
        "action": "Long",
        "allocation_usd": 10000,
        "sl_factor": 0.4,
        "z_score": null,
        "prev_return_pct": 8.52,
        "vol_ratio": 0.86,
        "ticker_group": "SMALL"
      },
      {
        "ticker": "ASTS",
        "action": "Long",
        "allocation_usd": 10000,
        "sl_factor": 1.6,
        "z_score": null,
        "prev_return_pct": 7.22,
        "vol_ratio": 0.72,
        "ticker_group": "SMALL"
      },
      {
        "ticker": "FN",
        "action": "Long",
        "allocation_usd": 10000,
        "sl_factor": 1.6,
        "z_score": null,
        "prev_return_pct": 6.79,
        "vol_ratio": 1.0,
        "ticker_group": "SMALL"
      }
    ]
  },
  "equity": {
    "A": [
      {
        "date": "2026-02-04",
        "equity": 10223.69
      },
      {
        "date": "2026-02-05",
        "equity": 10148.22
      },
      {
        "date": "2026-02-06",
        "equity": 10481.13
      },
      {
        "date": "2026-02-09",
        "equity": 10206.79
      },
      {
        "date": "2026-02-10",
        "equity": 10245.09
      },
      {
        "date": "2026-02-11",
        "equity": 10426.64
      },
      {
        "date": "2026-02-12",
        "equity": 10131.24
      },
      {
        "date": "2026-02-13",
        "equity": 10159.72
      },
      {
        "date": "2026-02-17",
        "equity": 10320.54
      },
      {
        "date": "2026-02-18",
        "equity": 9739.3
      },
      {
        "date": "2026-02-19",
        "equity": 9758.81
      },
      {
        "date": "2026-02-20",
        "equity": 9954.86
      },
      {
        "date": "2026-02-23",
        "equity": 10139.63
      }
    ],
    "B": [
      {
        "date": "2026-02-04",
        "equity": 9854.95
      },
      {
        "date": "2026-02-05",
        "equity": 9611.16
      },
      {
        "date": "2026-02-06",
        "equity": 9423.96
      },
      {
        "date": "2026-02-09",
        "equity": 9525.54
      },
      {
        "date": "2026-02-10",
        "equity": 9881.98
      },
      {
        "date": "2026-02-11",
        "equity": 9875.26
      },
      {
        "date": "2026-02-12",
        "equity": 9624.72
      },
      {
        "date": "2026-02-13",
        "equity": 9382.86
      },
      {
        "date": "2026-02-17",
        "equity": 8656.33
      },
      {
        "date": "2026-02-18",
        "equity": 8728.65
      },
      {
        "date": "2026-02-19",
        "equity": 8883.86
      },
      {
        "date": "2026-02-20",
        "equity": 8920.06
      },
      {
        "date": "2026-02-23",
        "equity": 9108.93
      }
    ],
    "V": [
      {
        "date": "2026-02-04",
        "equity": 9799.16
      },
      {
        "date": "2026-02-05",
        "equity": 9920.44
      },
      {
        "date": "2026-02-06",
        "equity": 10105.91
      },
      {
        "date": "2026-02-09",
        "equity": 10444.34
      },
      {
        "date": "2026-02-10",
        "equity": 10165.12
      },
      {
        "date": "2026-02-11",
        "equity": 10110.51
      },
      {
        "date": "2026-02-12",
        "equity": 9492.59
      },
      {
        "date": "2026-02-13",
        "equity": 11144.28
      },
      {
        "date": "2026-02-17",
        "equity": 11266.36
      },
      {
        "date": "2026-02-18",
        "equity": 10874.48
      },
      {
        "date": "2026-02-19",
        "equity": 12068.94
      },
      {
        "date": "2026-02-20",
        "equity": 12311.66
      },
      {
        "date": "2026-02-23",
        "equity": 11690.58
      }
    ],
    "M": [
      {
        "date": "2026-02-04",
        "equity": 11024.63
      },
      {
        "date": "2026-02-05",
        "equity": 14892.66
      },
      {
        "date": "2026-02-06",