{
  "timestamp": "2026-02-24T23:22:58.130802",
  "strategies": {
    "A": {
      "name": "Mean Reversion",
      "metrics": {
        "total_profit": 144.9399999999999,
        "total_return_pct": 1.4493999999999991,
        "num_trades": 45,
        "win_rate": 62.22222222222222,
        "avg_win": 73.77178571428571,
        "avg_loss": -112.9805882352941,
        "sharpe_ratio": 0.4650533771064567,
        "max_drawdown_pct": 7.184918275878832,
        "profit_factor": 0.6529598302378115
      }
    },
    "B": {
      "name": "Volume Breakout",
      "metrics": {
        "total_profit": -1438.16,
        "total_return_pct": -14.3816,
        "num_trades": 45,
        "win_rate": 42.22222222222222,
        "avg_win": 151.50947368421052,
        "avg_loss": -166.0323076923077,
        "sharpe_ratio": -2.5774699135892014,
        "max_drawdown_pct": 15.335096147190333,
        "profit_factor": 0.9125300719483402
      }
    },
    "V": {
      "name": "Trend Breakout",
      "metrics": {
        "total_profit": 2463.2200000000003,
        "total_return_pct": 24.6322,
        "num_trades": 45,
        "win_rate": 55.55555555555556,
        "avg_win": 207.78279999999998,
        "avg_loss": -136.5675,
        "sharpe_ratio": 3.1452238978806366,
        "max_drawdown_pct": 9.11259112591126,
        "profit_factor": 1.5214659417504164
      }
    },
    "M": {
      "name": "Momentum",
      "metrics": {
        "total_profit": 7664.15,
        "total_return_pct": 76.6415,
        "num_trades": 37,
        "win_rate": 51.35135135135135,
        "avg_win": 572.7263157894737,
        "avg_loss": -178.75833333333333,
        "sharpe_ratio": 6.271148703657438,
        "max_drawdown_pct": 9.43957064840574,
        "profit_factor": 3.2039139384987574
      }
    }
  },
  "signals": {
    "A": [
      {
        "ticker": "CM",
        "action": "Long",
        "allocation_usd": 10000,
        "sl_factor": 3.2,
        "z_score": 0.18,
        "prev_return_pct": null,
        "vol_ratio": 2.65,
        "ticker_group": "BIG + ETF"
      },
      {
        "ticker": "TAK",
        "action": "Long",
        "allocation_usd": 10000,
        "sl_factor": 1.6,
        "z_score": 0.16,
        "prev_return_pct": null,
        "vol_ratio": 0.62,
        "ticker_group": "BIG + ETF"
      },
      {
        "ticker": "CFRUY",
        "action": "Long",
        "allocation_usd": 10000,
        "sl_factor": 3.2,
        "z_score": 0.14,
        "prev_return_pct": null,
        "vol_ratio": 1.13,
        "ticker_group": "BIG + ETF"
      }
    ],
    "B": [
      {
        "ticker": "BX",
        "action": "Short",
        "allocation_usd": 10000,
        "sl_factor": 1.6,
        "z_score": 0.15,
        "prev_return_pct": null,
        "vol_ratio": 2.17,
        "ticker_group": "BIG + ETF"
      },
      {
        "ticker": "KKR",
        "action": "Short",
        "allocation_usd": 10000,
        "sl_factor": 0.6,
        "z_score": 0.13,
        "prev_return_pct": null,
        "vol_ratio": 1.69,
        "ticker_group": "BIG + ETF"
      },
      {
        "ticker": "APO",
        "action": "Short",
        "allocation_usd": 10000,
        "sl_factor": 0.4,
        "z_score": 0.12,
        "prev_return_pct": null,
        "vol_ratio": 1.73,
        "ticker_group": "BIG + ETF"
      }
    ],
    "V": [
      {
        "ticker": "NPXYY",
        "action": "Long",
        "allocation_usd": 10000,
        "sl_factor": 1.6,
        "z_score": 0.36,
        "prev_return_pct": null,
        "vol_ratio": 0.72,
        "ticker_group": "SMALL"
      },
      {
        "ticker": "TPL",
        "action": "Long",
        "allocation_usd": 10000,
        "sl_factor": 0.8,
        "z_score": 0.12,
        "prev_return_pct": null,
        "vol_ratio": 2.11,
        "ticker_group": "SMALL"
      },
      {
        "ticker": "COKE",
        "action": "Long",
        "allocation_usd": 10000,
        "sl_factor": 1.6,
        "z_score": 0.09,
        "prev_return_pct": null,
        "vol_ratio": 1.13,
        "ticker_group": "SMALL"
      }
    ],
    "M": [
      {
        "ticker": "NJDCY",
        "action": "Long",
        "allocation_usd": 10000,
        "sl_factor": 0.4,
        "z_score": null,
        "prev_return_pct": 13.56,
        "vol_ratio": 0.72,
        "ticker_group": "SMALL"
      },
      {
        "ticker": "DRS",
        "action": "Long",
        "allocation_usd": 10000,
        "sl_factor": 3.2,
        "z_score": null,
        "prev_return_pct": 10.13,
        "vol_ratio": 1.07,
        "ticker_group": "SMALL"
      },
      {
        "ticker": "GLXY",
        "action": "Long",
        "allocation_usd": 10000,
        "sl_factor": 3.2,
        "z_score": null,
        "prev_return_pct": 8.13,
        "vol_ratio": 0.52,
        "ticker_group": "SMALL"
      }
    ]
  },
  "equity": {
    "A": [
      {
        "date": "2026-02-04",
        "equity": 10223.69
      },
      {
        "date": "2026-02-05",
        "equity": 10148.22
      },
      {
        "date": "2026-02-06",
        "equity": 10481.13
      },
      {
        "date": "2026-02-09",
        "equity": 10206.79
      },
      {
        "date": "2026-02-10",
        "equity": 10245.09
      },
      {
        "date": "2026-02-11",
        "equity": 10426.64
      },
      {
        "date": "2026-02-12",
        "equity": 10131.24
      },
      {
        "date": "2026-02-13",
        "equity": 10159.72
      },
      {
        "date": "2026-02-17",
        "equity": 10320.54
      },
      {
        "date": "2026-02-18",
        "equity": 9739.3
      },
      {
        "date": "2026-02-19",
        "equity": 9758.81
      },
      {
        "date": "2026-02-20",
        "equity": 9954.86
      },
      {
        "date": "2026-02-23",
        "equity": 10139.63
      },
      {
        "date": "2026-02-24",
        "equity": 10144.94
      }
    ],
    "B": [
      {
        "date": "2026-02-04",
        "equity": 9854.95
      },
      {
        "date": "2026-02-05",
        "equity": 9611.16
      },
      {
        "date": "2026-02-06",
        "equity": 9423.96
      },
      {
        "date": "2026-02-09",
        "equity": 9525.54
      },
      {
        "date": "2026-02-10",
        "equity": 9881.98
      },
      {
        "date": "2026-02-11",
        "equity": 9875.26
      },
      {
        "date": "2026-02-12",
        "equity": 9624.72
      },
      {
        "date": "2026-02-13",
        "equity": 9382.86
      },
      {
        "date": "2026-02-17",
        "equity": 8656.33
      },
      {
        "date": "2026-02-18",
        "equity": 8728.65
      },
      {
        "date": "2026-02-19",
        "equity": 8883.86
      },
      {
        "date": "2026-02-20",
        "equity": 8920.06
      },
      {
        "date": "2026-02-23",
        "equity": 9108.93
      },
      {
        "date": "2026-02-24",
        "equity": 8561.84
      }
    ],
    "V": [
      {
        "date": "2026-02-04",
        "equity": 9799.16
      },
      {
        "date": "2026-02-05",
        "equity": 9920.44
      },
      {
        "date": "2026-02-06",
        "equity": 10105.91
      },
      {
        "date": "2026-02-09",
        "equity": 10444.34
      },
      {
        "date": "2026-02-10",
        "equity": 10165.12
      },
      {
        "date": "2026-02-11",
        "equity": 10110.51
      },
      {
        "date": "2026-02-12",
        "equity": 9492.59
      },
      {
        "date": "2026-02-13",
        "equity": 11144.28
      },
      {
        "date": "2026-02-17",
        "equity": 11266.36
      },
      {
        "date": "2026-02-18",
        "equity": 10874.48
      },
      {
        "date": "2026-02-19",
        "equity": 12068.94
      },
      {
        "date": "2026-02-20",
        "equity": 12311.66
      },
      {
        "date": "2026-02-23",
        "equity": 11690.58
      },
      {
        "date": "2026-02-24",
        "equity": 12463.22
      }
    ],