{
  "timestamp": "2026-03-19T23:21:18.045851",
  "strategies": {
    "A": {
      "name": "Mean Reversion",
      "metrics": {
        "total_profit": 595.9999999999998,
        "total_return_pct": 5.959999999999998,
        "num_trades": 96,
        "win_rate": 59.375,
        "avg_win": 96.45666666666668,
        "avg_loss": -125.69307692307692,
        "sharpe_ratio": 0.7135842591104412,
        "max_drawdown_pct": 13.464956281286755,
        "profit_factor": 0.7673984043345309
      }
    },
    "B": {
      "name": "Volume Breakout",
      "metrics": {
        "total_profit": -4330.830000000001,
        "total_return_pct": -43.30830000000001,
        "num_trades": 96,
        "win_rate": 36.45833333333333,
        "avg_win": 133.0828571428571,
        "avg_loss": -147.35622950819675,
        "sharpe_ratio": -4.129891054532065,
        "max_drawdown_pct": 43.93965164319435,
        "profit_factor": 0.9031369599169495
      }
    },
    "V": {
      "name": "Trend Breakout",
      "metrics": {
        "total_profit": 1064.5500000000002,
        "total_return_pct": 10.645500000000002,
        "num_trades": 96,
        "win_rate": 53.125,
        "avg_win": 158.13705882352943,
        "avg_loss": -155.5653333333333,
        "sharpe_ratio": 0.7561660653488617,
        "max_drawdown_pct": 18.80577300277429,
        "profit_factor": 1.016531481886685
      }
    },
    "M": {
      "name": "Momentum",
      "metrics": {
        "total_profit": 4808.110000000001,
        "total_return_pct": 48.081100000000006,
        "num_trades": 80,
        "win_rate": 45.0,
        "avg_win": 421.68527777777786,
        "avg_loss": -235.73999999999998,
        "sharpe_ratio": 2.13352620612698,
        "max_drawdown_pct": 19.695165286875014,
        "profit_factor": 1.7887727062771608
      }
    }
  },
  "signals": {
    "A": [
      {
        "ticker": "CNQ",
        "action": "Long",
        "allocation_usd": 10000,
        "sl_factor": 0.6,
        "z_score": 0.1,
        "prev_return_pct": null,
        "vol_ratio": 0.99,
        "ticker_group": "BIG + ETF"
      },
      {
        "ticker": "PWR",
        "action": "Long",
        "allocation_usd": 10000,
        "sl_factor": 1.6,
        "z_score": 0.04,
        "prev_return_pct": null,
        "vol_ratio": 0.59,
        "ticker_group": "BIG + ETF"
      },
      {
        "ticker": "MPC",
        "action": "Long",
        "allocation_usd": 10000,
        "sl_factor": 0.8,
        "z_score": 0.03,
        "prev_return_pct": null,
        "vol_ratio": 1.06,
        "ticker_group": "BIG + ETF"
      }
    ],
    "B": [
      {
        "ticker": "MGCLY",
        "action": "Short",
        "allocation_usd": 10000,
        "sl_factor": 3.2,
        "z_score": 0.25,
        "prev_return_pct": null,
        "vol_ratio": 3.76,
        "ticker_group": "BIG + ETF"
      },
      {
        "ticker": "UL",
        "action": "Short",
        "allocation_usd": 10000,
        "sl_factor": 0.4,
        "z_score": 0.13,
        "prev_return_pct": null,
        "vol_ratio": 1.71,
        "ticker_group": "BIG + ETF"
      },
      {
        "ticker": "BAESY",
        "action": "Short",
        "allocation_usd": 10000,
        "sl_factor": 3.2,
        "z_score": 0.1,
        "prev_return_pct": null,
        "vol_ratio": 1.8,
        "ticker_group": "BIG + ETF"
      }
    ],
    "V": [
      {
        "ticker": "EC",
        "action": "Long",
        "allocation_usd": 10000,
        "sl_factor": 3.2,
        "z_score": 0.02,
        "prev_return_pct": null,
        "vol_ratio": 0.71,
        "ticker_group": "SMALL"
      },
      {
        "ticker": "OMVKY",
        "action": "Long",
        "allocation_usd": 10000,
        "sl_factor": 0.4,
        "z_score": 0.01,
        "prev_return_pct": null,
        "vol_ratio": 0.66,
        "ticker_group": "SMALL"
      },
      {
        "ticker": "ZTO",
        "action": "Long",
        "allocation_usd": 10000,
        "sl_factor": 3.2,
        "z_score": 0.01,
        "prev_return_pct": null,
        "vol_ratio": 2.19,
        "ticker_group": "SMALL"
      }
    ],
    "M": [
      {
        "ticker": "COHR",
        "action": "Long",
        "allocation_usd": 10000,
        "sl_factor": 0.6,
        "z_score": null,
        "prev_return_pct": 12.02,
        "vol_ratio": 1.29,
        "ticker_group": "SMALL"
      },
      {
        "ticker": "FN",
        "action": "Long",
        "allocation_usd": 10000,
        "sl_factor": 1.6,
        "z_score": null,
        "prev_return_pct": 10.83,
        "vol_ratio": 0.91,
        "ticker_group": "SMALL"
      },
      {
        "ticker": "CIEN",
        "action": "Long",
        "allocation_usd": 10000,
        "sl_factor": 1.6,
        "z_score": null,
        "prev_return_pct": 10.58,
        "vol_ratio": 1.35,
        "ticker_group": "SMALL"
      }
    ]
  },
  "equity": {
    "A": [
      {
        "date": "2026-02-04",
        "equity": 10223.69
      },
      {
        "date": "2026-02-05",
        "equity": 10148.22
      },
      {
        "date": "2026-02-06",
        "equity": 10481.13
      },
      {
        "date": "2026-02-09",
        "equity": 10206.79
      },
      {
        "date": "2026-02-10",
        "equity": 10245.09
      },
      {
        "date": "2026-02-11",
        "equity": 10426.64
      },
      {
        "date": "2026-02-12",
        "equity": 10131.24
      },
      {
        "date": "2026-02-13",
        "equity": 10159.72
      },
      {
        "date": "2026-02-17",
        "equity": 10320.54
      },
      {
        "date": "2026-02-18",
        "equity": 9739.3
      },
      {
        "date": "2026-02-19",
        "equity": 9758.81
      },
      {
        "date": "2026-02-20",
        "equity": 9954.86
      },
      {
        "date": "2026-02-23",
        "equity": 10139.63
      },
      {
        "date": "2026-02-24",
        "equity": 10144.94
      },
      {
        "date": "2026-02-25",
        "equity": 10307.57
      },
      {
        "date": "2026-02-26",
        "equity": 10100.67
      },
      {
        "date": "2026-02-27",
        "equity": 9894.49
      },
      {
        "date": "2026-03-02",
        "equity": 10268.6
      },
      {
        "date": "2026-03-03",
        "equity": 10666.57
      },
      {
        "date": "2026-03-04",
        "equity": 10929.57
      },
      {
        "date": "2026-03-05",
        "equity": 10829.24
      },
      {
        "date": "2026-03-06",
        "equity": 11313.46
      },
      {
        "date": "2026-03-09",
        "equity": 11729.39
      },
      {
        "date": "2026-03-10",
        "equity": 11335.64
      },
      {
        "date": "2026-03-11",
        "equity": 11346.45
      },
      {
        "date": "2026-03-12",
        "equity": 11241.56
      },
      {
        "date": "2026-03-13",
        "equity": 10987.7
      },
      {
        "date": "2026-03-16",
        "equity": 11084.47
      },
      {
        "date": "2026-03-17",
        "equity": 10884.17
      },
      {
        "date": "2026-03-18",
        "equity": 10460.28
      },
      {
        "date": "2026-03-19",
        "equity": 10596.0
      }
    ],
    "B": [
      {
        "date": "2026-02-04",
        "equity": 9854.95
      },
      {
        "date": "2026-02-05",
        "equity": 9611.16
      },
      {
        "date": "2026-02-06",
        "equity": 9423.96
      },
      {
        "date": "2026-02-09",
        "equity": 9525.54
      },
      {
        "date": "2026-02-10",
        "equity": 9881.98
      },
      {
        "date": "2026-02-11",
        "equity": 9875.26
      },
      {
        "date": "2026-02-12",
        "equity": 9624.72
      },
      {
        "date": "2026-02-13",
        "equity": 9382.86
      },
      {
        "date": "2026-02-17",
        "equity": 8656.33
      },
      {
        "date": "2026-02-18",
        "equity": 8728.65
      },
      {
        "date": "2026-02-19",