{
  "timestamp": "2026-02-12T23:20:21.076397",
  "strategies": {
    "A": {
      "name": "Mean Reversion",
      "metrics": {
        "total_profit": 131.23999999999998,
        "total_return_pct": 1.3123999999999998,
        "num_trades": 21,
        "win_rate": 61.904761904761905,
        "avg_win": 81.33769230769232,
        "avg_loss": -115.76875,
        "sharpe_ratio": 0.8871096013931078,
        "max_drawdown_pct": 3.4497480756640213,
        "profit_factor": 0.7025876353307117
      }
    },
    "B": {
      "name": "Volume Breakout",
      "metrics": {
        "total_profit": -375.2800000000001,
        "total_return_pct": -3.7528000000000006,
        "num_trades": 21,
        "win_rate": 47.61904761904761,
        "avg_win": 130.794,
        "avg_loss": -153.02,
        "sharpe_ratio": -1.7126781187219993,
        "max_drawdown_pct": 6.999252784506065,
        "profit_factor": 0.8547510129394851
      }
    },
    "V": {
      "name": "Trend Breakout",
      "metrics": {
        "total_profit": -507.41,
        "total_return_pct": -5.0741000000000005,
        "num_trades": 21,
        "win_rate": 52.38095238095239,
        "avg_win": 84.80363636363637,
        "avg_loss": -144.025,
        "sharpe_ratio": -2.6108054516293295,
        "max_drawdown_pct": 9.11259112591126,
        "profit_factor": 0.5888119171229743
      }
    },
    "M": {
      "name": "Momentum",
      "metrics": {
        "total_profit": 4770.59,
        "total_return_pct": 47.7059,
        "num_trades": 18,
        "win_rate": 55.55555555555556,
        "avg_win": 665.9649999999999,
        "avg_loss": -236.1325,
        "sharpe_ratio": 6.8804036209636115,
        "max_drawdown_pct": 8.642722567377657,
        "profit_factor": 2.8203021608630743
      }
    }
  },
  "signals": {
    "A": [
      {
        "ticker": "GEV",
        "action": "Long",
        "allocation_usd": 10000,
        "sl_factor": 3.2,
        "z_score": 0.27,
        "prev_return_pct": null,
        "vol_ratio": 0.79,
        "ticker_group": "BIG + ETF"
      },
      {
        "ticker": "SMFG",
        "action": "Long",
        "allocation_usd": 10000,
        "sl_factor": 0.8,
        "z_score": 0.16,
        "prev_return_pct": null,
        "vol_ratio": 0.91,
        "ticker_group": "BIG + ETF"
      },
      {
        "ticker": "CARR",
        "action": "Long",
        "allocation_usd": 10000,
        "sl_factor": 0.4,
        "z_score": 0.14,
        "prev_return_pct": null,
        "vol_ratio": 0.64,
        "ticker_group": "BIG + ETF"
      }
    ],
    "B": [
      {
        "ticker": "HOOD",
        "action": "Long",
        "allocation_usd": 10000,
        "sl_factor": 1.6,
        "z_score": 0.15,
        "prev_return_pct": null,
        "vol_ratio": 2.01,
        "ticker_group": "BIG + ETF"
      },
      {
        "ticker": "PANW",
        "action": "Short",
        "allocation_usd": 10000,
        "sl_factor": 0.6,
        "z_score": 0.12,
        "prev_return_pct": null,
        "vol_ratio": 3.9,
        "ticker_group": "BIG + ETF"
      },
      {
        "ticker": "NET",
        "action": "Short",
        "allocation_usd": 10000,
        "sl_factor": 0.4,
        "z_score": 0.1,
        "prev_return_pct": null,
        "vol_ratio": 2.49,
        "ticker_group": "BIG + ETF"
      }
    ],
    "V": [
      {
        "ticker": "AS",
        "action": "Long",
        "allocation_usd": 10000,
        "sl_factor": 1.6,
        "z_score": 0.22,
        "prev_return_pct": null,
        "vol_ratio": 1.16,
        "ticker_group": "SMALL"
      },
      {
        "ticker": "NCLTY",
        "action": "Long",
        "allocation_usd": 10000,
        "sl_factor": 3.2,
        "z_score": 0.21,
        "prev_return_pct": null,
        "vol_ratio": 0.57,
        "ticker_group": "SMALL"
      },
      {
        "ticker": "EDPFY",
        "action": "Long",
        "allocation_usd": 10000,
        "sl_factor": 1.6,
        "z_score": 0.2,
        "prev_return_pct": null,
        "vol_ratio": 0.27,
        "ticker_group": "SMALL"
      }
    ],
    "M": [
      {
        "ticker": "USFD",
        "action": "Long",
        "allocation_usd": 10000,
        "sl_factor": 0.6,
        "z_score": null,
        "prev_return_pct": 14.05,
        "vol_ratio": 1.7,
        "ticker_group": "SMALL"
      },
      {
        "ticker": "PAYC",
        "action": "Long",
        "allocation_usd": 10000,
        "sl_factor": 0.6,
        "z_score": null,
        "prev_return_pct": 12.15,
        "vol_ratio": 2.24,
        "ticker_group": "SMALL"
      },
      {
        "ticker": "LECO",
        "action": "Long",
        "allocation_usd": 10000,
        "sl_factor": 3.2,
        "z_score": null,
        "prev_return_pct": 9.28,
        "vol_ratio": 1.72,
        "ticker_group": "SMALL"
      }
    ]
  },
  "equity": {
    "A": [
      {
        "date": "2026-02-04",
        "equity": 10223.69
      },
      {
        "date": "2026-02-05",
        "equity": 10148.22
      },
      {
        "date": "2026-02-06",
        "equity": 10481.13
      },
      {
        "date": "2026-02-09",
        "equity": 10206.79
      },
      {
        "date": "2026-02-10",
        "equity": 10245.09
      },
      {
        "date": "2026-02-11",
        "equity": 10426.64
      },
      {
        "date": "2026-02-12",
        "equity": 10131.24
      }
    ],
    "B": [
      {
        "date": "2026-02-04",
        "equity": 9854.95
      },
      {
        "date": "2026-02-05",
        "equity": 9611.16
      },
      {
        "date": "2026-02-06",
        "equity": 9423.96
      },
      {
        "date": "2026-02-09",
        "equity": 9525.54
      },
      {
        "date": "2026-02-10",
        "equity": 9881.98
      },
      {
        "date": "2026-02-11",
        "equity": 9875.26
      },
      {
        "date": "2026-02-12",
        "equity": 9624.72
      }
    ],
    "V": [
      {
        "date": "2026-02-04",
        "equity": 9799.16
      },
      {
        "date": "2026-02-05",
        "equity": 9920.44
      },
      {
        "date": "2026-02-06",
        "equity": 10105.91
      },
      {
        "date": "2026-02-09",
        "equity": 10444.34
      },
      {
        "date": "2026-02-10",
        "equity": 10165.12
      },
      {
        "date": "2026-02-11",
        "equity": 10110.51
      },
      {
        "date": "2026-02-12",
        "equity": 9492.59
      }
    ],
    "M": [
      {
        "date": "2026-02-04",
        "equity": 11024.63
      },
      {
        "date": "2026-02-05",
        "equity": 14892.66
      },
      {
        "date": "2026-02-06",
        "equity": 15431.03
      },
      {
        "date": "2026-02-09",
        "equity": 16065.03
      },
      {
        "date": "2026-02-10",
        "equity": 15591.44
      },
      {
        "date": "2026-02-11",
        "equity": 14731.16
      },
      {
        "date": "2026-02-12",
        "equity": 14770.59
      }
    ]
  }
}