{
  "timestamp": "2026-02-26T23:21:21.917039",
  "strategies": {
    "A": {
      "name": "Mean Reversion",
      "metrics": {
        "total_profit": 100.66999999999976,
        "total_return_pct": 1.0066999999999975,
        "num_trades": 51,
        "win_rate": 56.86274509803921,
        "avg_win": 79.62206896551724,
        "avg_loss": -100.38045454545454,
        "sharpe_ratio": 0.2814447904354657,
        "max_drawdown_pct": 7.184918275878832,
        "profit_factor": 0.7932029131175389
      }
    },
    "B": {
      "name": "Volume Breakout",
      "metrics": {
        "total_profit": -1857.66,
        "total_return_pct": -18.576600000000003,
        "num_trades": 51,
        "win_rate": 39.21568627450981,
        "avg_win": 144.622,
        "avg_loss": -153.22903225806448,
        "sharpe_ratio": -3.0981759744169013,
        "max_drawdown_pct": 19.619445801384796,
        "profit_factor": 0.943828972021642
      }
    },
    "V": {
      "name": "Trend Breakout",
      "metrics": {
        "total_profit": 2235.34,
        "total_return_pct": 22.3534,
        "num_trades": 51,
        "win_rate": 54.90196078431373,
        "avg_win": 195.7035714285714,
        "avg_loss": -141.0591304347826,
        "sharpe_ratio": 2.5869854981723863,
        "max_drawdown_pct": 9.11259112591126,
        "profit_factor": 1.3873867705362977
      }
    },
    "M": {
      "name": "Momentum",
      "metrics": {
        "total_profit": 7229.86,
        "total_return_pct": 72.29860000000001,
        "num_trades": 42,
        "win_rate": 50.0,
        "avg_win": 536.9961904761903,
        "avg_loss": -192.71714285714285,
        "sharpe_ratio": 5.357375674690408,
        "max_drawdown_pct": 9.43957064840574,
        "profit_factor": 2.7864474458001607
      }
    }
  },
  "signals": {
    "A": [
      {
        "ticker": "GEV",
        "action": "Long",
        "allocation_usd": 10000,
        "sl_factor": 3.2,
        "z_score": 0.27,
        "prev_return_pct": null,
        "vol_ratio": 0.77,
        "ticker_group": "BIG + ETF"
      },
      {
        "ticker": "BTI",
        "action": "Long",
        "allocation_usd": 10000,
        "sl_factor": 1.6,
        "z_score": 0.21,
        "prev_return_pct": null,
        "vol_ratio": 0.8,
        "ticker_group": "BIG + ETF"
      },
      {
        "ticker": "SAN",
        "action": "Long",
        "allocation_usd": 10000,
        "sl_factor": 3.2,
        "z_score": 0.18,
        "prev_return_pct": null,
        "vol_ratio": 0.9,
        "ticker_group": "BIG + ETF"
      }
    ],
    "B": [
      {
        "ticker": "CME",
        "action": "Short",
        "allocation_usd": 10000,
        "sl_factor": 0.6,
        "z_score": 0.15,
        "prev_return_pct": null,
        "vol_ratio": 1.59,
        "ticker_group": "BIG + ETF"
      },
      {
        "ticker": "AMX",
        "action": "Short",
        "allocation_usd": 10000,
        "sl_factor": 0.4,
        "z_score": 0.12,
        "prev_return_pct": null,
        "vol_ratio": 1.63,
        "ticker_group": "BIG + ETF"
      },
      {
        "ticker": "TRI",
        "action": "Long",
        "allocation_usd": 10000,
        "sl_factor": 0.4,
        "z_score": 0.1,
        "prev_return_pct": null,
        "vol_ratio": 2.47,
        "ticker_group": "BIG + ETF"
      }
    ],
    "V": [
      {
        "ticker": "UUGRY",
        "action": "Long",
        "allocation_usd": 10000,
        "sl_factor": 3.2,
        "z_score": 0.2,
        "prev_return_pct": null,
        "vol_ratio": 0.8,
        "ticker_group": "SMALL"
      },
      {
        "ticker": "EDPFY",
        "action": "Long",
        "allocation_usd": 10000,
        "sl_factor": 1.6,
        "z_score": 0.2,
        "prev_return_pct": null,
        "vol_ratio": 5.87,
        "ticker_group": "SMALL"
      },
      {
        "ticker": "RDEIY",
        "action": "Long",
        "allocation_usd": 10000,
        "sl_factor": 3.2,
        "z_score": 0.18,
        "prev_return_pct": null,
        "vol_ratio": 0.67,
        "ticker_group": "SMALL"
      }
    ],
    "M": [
      {
        "ticker": "PMDIY",
        "action": "Long",
        "allocation_usd": 10000,
        "sl_factor": 0.4,
        "z_score": null,
        "prev_return_pct": 10.8,
        "vol_ratio": 0.0,
        "ticker_group": "SMALL"
      },
      {
        "ticker": "UWMC",
        "action": "Long",
        "allocation_usd": 10000,
        "sl_factor": 1.6,
        "z_score": null,
        "prev_return_pct": 9.64,
        "vol_ratio": 2.85,
        "ticker_group": "SMALL"
      },
      {
        "ticker": "FTAI",
        "action": "Long",
        "allocation_usd": 10000,
        "sl_factor": 3.2,
        "z_score": null,
        "prev_return_pct": 6.8,
        "vol_ratio": 1.42,
        "ticker_group": "SMALL"
      }
    ]
  },
  "equity": {
    "A": [
      {
        "date": "2026-02-04",
        "equity": 10223.69
      },
      {
        "date": "2026-02-05",
        "equity": 10148.22
      },
      {
        "date": "2026-02-06",
        "equity": 10481.13
      },
      {
        "date": "2026-02-09",
        "equity": 10206.79
      },
      {
        "date": "2026-02-10",
        "equity": 10245.09
      },
      {
        "date": "2026-02-11",
        "equity": 10426.64
      },
      {
        "date": "2026-02-12",
        "equity": 10131.24
      },
      {
        "date": "2026-02-13",
        "equity": 10159.72
      },
      {
        "date": "2026-02-17",
        "equity": 10320.54
      },
      {
        "date": "2026-02-18",
        "equity": 9739.3
      },
      {
        "date": "2026-02-19",
        "equity": 9758.81
      },
      {
        "date": "2026-02-20",
        "equity": 9954.86
      },
      {
        "date": "2026-02-23",
        "equity": 10139.63
      },
      {
        "date": "2026-02-24",
        "equity": 10144.94
      },
      {
        "date": "2026-02-25",
        "equity": 10307.57
      },
      {
        "date": "2026-02-26",
        "equity": 10100.67
      }
    ],
    "B": [
      {
        "date": "2026-02-04",
        "equity": 9854.95
      },
      {
        "date": "2026-02-05",
        "equity": 9611.16
      },
      {
        "date": "2026-02-06",
        "equity": 9423.96
      },
      {
        "date": "2026-02-09",
        "equity": 9525.54
      },
      {
        "date": "2026-02-10",
        "equity": 9881.98
      },
      {
        "date": "2026-02-11",
        "equity": 9875.26
      },
      {
        "date": "2026-02-12",
        "equity": 9624.72
      },
      {
        "date": "2026-02-13",
        "equity": 9382.86
      },
      {
        "date": "2026-02-17",
        "equity": 8656.33
      },
      {
        "date": "2026-02-18",
        "equity": 8728.65
      },
      {
        "date": "2026-02-19",
        "equity": 8883.86
      },
      {
        "date": "2026-02-20",
        "equity": 8920.06
      },
      {
        "date": "2026-02-23",
        "equity": 9108.93
      },
      {
        "date": "2026-02-24",
        "equity": 8561.84
      },
      {
        "date": "2026-02-25",
        "equity": 8258.26
      },
      {
        "date": "2026-02-26",
        "equity": 8142.34
      }
    ],
    "V": [
      {
        "date": "2026-02-04",
        "equity": 9799.16
      },
      {
        "date": "2026-02-05",
        "equity": 9920.44
      },
      {
        "date": "2026-02-06",
        "equity": 10105.91
      },
      {
        "date": "2026-02-09",
        "equity": 10444.34
      },
      {
        "date": "2026-02-10",
        "equity": 10165.12
      },
      {
        "date": "2026-02-11",
        "equity": 10110.51
      },
      {
        "date": "2026-02-12",
        "equity": 9492.59
      },
      {
        "date": "2026-02-13",
        "equity": 11144.28
      },
      {
        "date": "2026-02-17",
        "equity": 11266.36
      },
      {
        "date": "2026-02-18",