{
  "timestamp": "2026-04-10T23:25:32.721102",
  "strategies": {
    "A": {
      "name": "Mean Reversion",
      "metrics": {
        "total_profit": 1670.9299999999994,
        "total_return_pct": 16.709299999999992,
        "num_trades": 141,
        "win_rate": 58.86524822695035,
        "avg_win": 114.00963855421686,
        "avg_loss": -134.34258620689656,
        "sharpe_ratio": 1.162029267269004,
        "max_drawdown_pct": 15.742980477230798,
        "profit_factor": 0.8486485318857447
      }
    },
    "B": {
      "name": "Volume Breakout",
      "metrics": {
        "total_profit": -3403.32,
        "total_return_pct": -34.0332,
        "num_trades": 143,
        "win_rate": 39.16083916083916,
        "avg_win": 141.64517857142857,
        "avg_loss": -130.2925287356322,
        "sharpe_ratio": -2.1575402880768344,
        "max_drawdown_pct": 43.95942891159759,
        "profit_factor": 1.0871320093789205
      }
    },
    "V": {
      "name": "Trend Breakout",
      "metrics": {
        "total_profit": 1707.88,
        "total_return_pct": 17.0788,
        "num_trades": 144,
        "win_rate": 52.083333333333336,
        "avg_win": 145.77986666666666,
        "avg_loss": -133.70449275362319,
        "sharpe_ratio": 0.8965809383562204,
        "max_drawdown_pct": 23.112774116025523,
        "profit_factor": 1.0903138979427918
      }
    },
    "M": {
      "name": "Momentum",
      "metrics": {
        "total_profit": 7519.13,
        "total_return_pct": 75.19130000000001,
        "num_trades": 124,
        "win_rate": 45.16129032258064,
        "avg_win": 454.1278571428572,
        "avg_loss": -263.41220588235296,
        "sharpe_ratio": 1.9368369166532027,
        "max_drawdown_pct": 32.70445190427066,
        "profit_factor": 1.7240197948370053
      }
    }
  },
  "signals": {
    "A": [
      {
        "ticker": "GEV",
        "action": "Long",
        "allocation_usd": 10000,
        "sl_factor": 3.2,
        "z_score": 0.25,
        "prev_return_pct": null,
        "vol_ratio": 0.82,
        "ticker_group": "BIG + ETF"
      },
      {
        "ticker": "RY",
        "action": "Long",
        "allocation_usd": 10000,
        "sl_factor": 0.8,
        "z_score": 0.2,
        "prev_return_pct": null,
        "vol_ratio": 1.7,
        "ticker_group": "BIG + ETF"
      },
      {
        "ticker": "AAPL",
        "action": "Long",
        "allocation_usd": 10000,
        "sl_factor": 3.2,
        "z_score": 0.18,
        "prev_return_pct": null,
        "vol_ratio": 0.68,
        "ticker_group": "BIG + ETF"
      }
    ],
    "B": [
      {
        "ticker": "MGCLY",
        "action": "Short",
        "allocation_usd": 10000,
        "sl_factor": 3.2,
        "z_score": 0.25,
        "prev_return_pct": null,
        "vol_ratio": 1.85,
        "ticker_group": "BIG + ETF"
      },
      {
        "ticker": "CME",
        "action": "Short",
        "allocation_usd": 10000,
        "sl_factor": 0.6,
        "z_score": 0.17,
        "prev_return_pct": null,
        "vol_ratio": 1.87,
        "ticker_group": "BIG + ETF"
      },
      {
        "ticker": "NET",
        "action": "Short",
        "allocation_usd": 10000,
        "sl_factor": 0.4,
        "z_score": 0.11,
        "prev_return_pct": null,
        "vol_ratio": 2.92,
        "ticker_group": "BIG + ETF"
      }
    ],
    "V": [
      {
        "ticker": "RSHGY",
        "action": "Long",
        "allocation_usd": 10000,
        "sl_factor": 1.6,
        "z_score": 0.31,
        "prev_return_pct": null,
        "vol_ratio": 1.07,
        "ticker_group": "SMALL"
      },
      {
        "ticker": "ARNNY",
        "action": "Long",
        "allocation_usd": 10000,
        "sl_factor": 1.6,
        "z_score": 0.29,
        "prev_return_pct": null,
        "vol_ratio": 0.68,
        "ticker_group": "SMALL"
      },
      {
        "ticker": "SOTGY",
        "action": "Long",
        "allocation_usd": 10000,
        "sl_factor": 1.6,
        "z_score": 0.25,
        "prev_return_pct": null,
        "vol_ratio": 1.37,
        "ticker_group": "SMALL"
      }
    ],
    "M": [
      {
        "ticker": "CRDO",
        "action": "Long",
        "allocation_usd": 10000,
        "sl_factor": 3.2,
        "z_score": null,
        "prev_return_pct": 10.47,
        "vol_ratio": 0.69,
        "ticker_group": "SMALL"
      },
      {
        "ticker": "NBIS",
        "action": "Long",
        "allocation_usd": 10000,
        "sl_factor": 0.8,
        "z_score": null,
        "prev_return_pct": 7.29,
        "vol_ratio": 1.07,
        "ticker_group": "SMALL"
      },
      {
        "ticker": "TPL",
        "action": "Long",
        "allocation_usd": 10000,
        "sl_factor": 0.4,
        "z_score": null,
        "prev_return_pct": 5.86,
        "vol_ratio": 3.05,
        "ticker_group": "SMALL"
      }
    ]
  },
  "equity": {
    "A": [
      {
        "date": "2026-02-04",
        "equity": 10223.69
      },
      {
        "date": "2026-02-05",
        "equity": 10148.22
      },
      {
        "date": "2026-02-06",
        "equity": 10481.13
      },
      {
        "date": "2026-02-09",
        "equity": 10206.79
      },
      {
        "date": "2026-02-10",
        "equity": 10245.09
      },
      {
        "date": "2026-02-11",
        "equity": 10426.64
      },
      {
        "date": "2026-02-12",
        "equity": 10131.24
      },
      {
        "date": "2026-02-13",
        "equity": 10159.72
      },
      {
        "date": "2026-02-17",
        "equity": 10320.54
      },
      {
        "date": "2026-02-18",
        "equity": 9739.3
      },
      {
        "date": "2026-02-19",
        "equity": 9758.81
      },
      {
        "date": "2026-02-20",
        "equity": 9954.86
      },
      {
        "date": "2026-02-23",
        "equity": 10139.63
      },
      {
        "date": "2026-02-24",
        "equity": 10144.94
      },
      {
        "date": "2026-02-25",
        "equity": 10307.57
      },
      {
        "date": "2026-02-26",
        "equity": 10100.67
      },
      {
        "date": "2026-02-27",
        "equity": 9894.49
      },
      {
        "date": "2026-03-02",
        "equity": 10268.6
      },
      {
        "date": "2026-03-03",
        "equity": 10666.57
      },
      {
        "date": "2026-03-04",
        "equity": 10929.57
      },
      {
        "date": "2026-03-05",
        "equity": 10829.24
      },
      {
        "date": "2026-03-06",
        "equity": 11313.46
      },
      {
        "date": "2026-03-09",
        "equity": 11729.39
      },
      {
        "date": "2026-03-10",
        "equity": 11335.64
      },
      {
        "date": "2026-03-11",
        "equity": 11346.45
      },
      {
        "date": "2026-03-12",
        "equity": 11241.56
      },
      {
        "date": "2026-03-13",
        "equity": 10987.7
      },
      {
        "date": "2026-03-16",
        "equity": 11084.47
      },
      {
        "date": "2026-03-17",
        "equity": 10884.17
      },
      {
        "date": "2026-03-18",
        "equity": 10460.28
      },
      {
        "date": "2026-03-19",
        "equity": 10596.0
      },
      {
        "date": "2026-03-20",
        "equity": 9927.28
      },
      {
        "date": "2026-03-23",
        "equity": 10602.74
      },
      {
        "date": "2026-03-24",
        "equity": 11336.53
      },
      {
        "date": "2026-03-25",
        "equity": 11151.9
      },
      {
        "date": "2026-03-26",
        "equity": 10766.33
      },
      {
        "date": "2026-03-27",
        "equity": 10559.82
      },
      {
        "date": "2026-03-30",
        "equity": 10410.55
      },
      {
        "date": "2026-03-31",
        "equity": 10162.26
      },
      {
        "date": "2026-04-01",
        "equity": 10151.67
      },
      {
        "date": "2026-04-02",
        "equity": 10942.7
      },
      {
        "date": "2026-04-06",