{
  "timestamp": "2026-02-08T23:22:03.132353",
  "strategies": {
    "A": {
      "name": "Mean Reversion",
      "metrics": {
        "total_profit": 481.13,
        "total_return_pct": 4.8113,
        "num_trades": 9,
        "win_rate": 66.66666666666666,
        "avg_win": 127.18833333333333,
        "avg_loss": -94.0,
        "sharpe_ratio": 7.63814224260268,
        "max_drawdown_pct": 2.4345644116926133,
        "profit_factor": 1.3530673758865248
      }
    },
    "B": {
      "name": "Volume Breakout",
      "metrics": {
        "total_profit": -576.04,
        "total_return_pct": -5.7604,
        "num_trades": 9,
        "win_rate": 33.33333333333333,
        "avg_win": 41.20333333333333,
        "avg_loss": -116.60833333333335,
        "sharpe_ratio": -11.313748535441205,
        "max_drawdown_pct": 5.792274092684813,
        "profit_factor": 0.3533481026227399
      }
    },
    "V": {
      "name": "Trend Breakout",
      "metrics": {
        "total_profit": 105.91000000000003,
        "total_return_pct": 1.0591000000000004,
        "num_trades": 9,
        "win_rate": 55.55555555555556,
        "avg_win": 74.486,
        "avg_loss": -66.63,
        "sharpe_ratio": 2.3707679874300625,
        "max_drawdown_pct": 2.64572914582917,
        "profit_factor": 1.1179048476662166
      }
    },
    "M": {
      "name": "Momentum",
      "metrics": {
        "total_profit": 5431.03,
        "total_return_pct": 54.3103,
        "num_trades": 7,
        "win_rate": 85.71428571428571,
        "avg_win": 910.005,
        "avg_loss": -29.0,
        "sharpe_ratio": 21.37930044728659,
        "max_drawdown_pct": 0.18758048981793699,
        "profit_factor": 31.37948275862069
      }
    }
  },
  "signals": {
    "A": [
      {
        "ticker": "TAK",
        "action": "Long",
        "allocation_usd": 10000,
        "sl_factor": 1.6,
        "z_score": 0.17,
        "prev_return_pct": null,
        "vol_ratio": 0.72,
        "ticker_group": "BIG + ETF"
      },
      {
        "ticker": "SPG",
        "action": "Long",
        "allocation_usd": 10000,
        "sl_factor": 3.2,
        "z_score": 0.12,
        "prev_return_pct": null,
        "vol_ratio": 1.07,
        "ticker_group": "BIG + ETF"
      },
      {
        "ticker": "AMGN",
        "action": "Long",
        "allocation_usd": 10000,
        "sl_factor": 1.6,
        "z_score": 0.09,
        "prev_return_pct": null,
        "vol_ratio": 1.32,
        "ticker_group": "BIG + ETF"
      }
    ],
    "B": [
      {
        "ticker": "ORLY",
        "action": "Long",
        "allocation_usd": 10000,
        "sl_factor": 3.2,
        "z_score": 0.2,
        "prev_return_pct": null,
        "vol_ratio": 1.87,
        "ticker_group": "BIG + ETF"
      },
      {
        "ticker": "RELX",
        "action": "Short",
        "allocation_usd": 10000,
        "sl_factor": 0.4,
        "z_score": 0.19,
        "prev_return_pct": null,
        "vol_ratio": 2.66,
        "ticker_group": "BIG + ETF"
      },
      {
        "ticker": "ALNY",
        "action": "Short",
        "allocation_usd": 10000,
        "sl_factor": 3.2,
        "z_score": 0.17,
        "prev_return_pct": null,
        "vol_ratio": 1.56,
        "ticker_group": "BIG + ETF"
      }
    ],
    "V": [
      {
        "ticker": "NPXYY",
        "action": "Long",
        "allocation_usd": 10000,
        "sl_factor": 1.6,
        "z_score": 0.36,
        "prev_return_pct": null,
        "vol_ratio": 0.53,
        "ticker_group": "SMALL"
      },
      {
        "ticker": "RSHGY",
        "action": "Long",
        "allocation_usd": 10000,
        "sl_factor": 1.6,
        "z_score": 0.34,
        "prev_return_pct": null,
        "vol_ratio": 0.52,
        "ticker_group": "SMALL"
      },
      {
        "ticker": "ALGN",
        "action": "Long",
        "allocation_usd": 10000,
        "sl_factor": 3.2,
        "z_score": 0.09,
        "prev_return_pct": null,
        "vol_ratio": 2.5,
        "ticker_group": "SMALL"
      }
    ],
    "M": [
      {
        "ticker": "COHR",
        "action": "Long",
        "allocation_usd": 10000,
        "sl_factor": 0.6,
        "z_score": null,
        "prev_return_pct": 27.12,
        "vol_ratio": 2.26,
        "ticker_group": "SMALL"
      },
      {
        "ticker": "FN",
        "action": "Long",
        "allocation_usd": 10000,
        "sl_factor": 1.6,
        "z_score": null,
        "prev_return_pct": 20.63,
        "vol_ratio": 0.93,
        "ticker_group": "SMALL"
      },
      {
        "ticker": "NJDCY",
        "action": "Long",
        "allocation_usd": 10000,
        "sl_factor": 0.4,
        "z_score": null,
        "prev_return_pct": 14.06,
        "vol_ratio": 1.41,
        "ticker_group": "SMALL"
      }
    ]
  },
  "equity": {
    "A": [
      {
        "date": "2026-02-04",
        "equity": 10223.69
      },
      {
        "date": "2026-02-05",
        "equity": 10148.22
      },
      {
        "date": "2026-02-06",
        "equity": 10481.13
      }
    ],
    "B": [
      {
        "date": "2026-02-04",
        "equity": 9854.95
      },
      {
        "date": "2026-02-05",
        "equity": 9611.16
      },
      {
        "date": "2026-02-06",
        "equity": 9423.96
      }
    ],
    "V": [
      {
        "date": "2026-02-04",
        "equity": 9799.16
      },
      {
        "date": "2026-02-05",
        "equity": 9920.44
      },
      {
        "date": "2026-02-06",
        "equity": 10105.91
      }
    ],
    "M": [
      {
        "date": "2026-02-04",
        "equity": 11024.63
      },
      {
        "date": "2026-02-05",
        "equity": 14892.66
      },
      {
        "date": "2026-02-06",
        "equity": 15431.03
      }
    ]
  }
}