{
  "timestamp": "2026-03-20T23:20:18.152669",
  "strategies": {
    "A": {
      "name": "Mean Reversion",
      "metrics": {
        "total_profit": -72.72000000000017,
        "total_return_pct": -0.7272000000000017,
        "num_trades": 99,
        "win_rate": 57.57575757575758,
        "avg_win": 96.45666666666668,
        "avg_loss": -132.63690476190476,
        "sharpe_ratio": -0.08168104952742214,
        "max_drawdown_pct": 15.742980477230798,
        "profit_factor": 0.7272234438809856
      }
    },
    "B": {
      "name": "Volume Breakout",
      "metrics": {
        "total_profit": -4023.8000000000006,
        "total_return_pct": -40.23800000000001,
        "num_trades": 99,
        "win_rate": 37.37373737373738,
        "avg_win": 134.2413513513513,
        "avg_loss": -145.0117741935484,
        "sharpe_ratio": -3.7234802531712647,
        "max_drawdown_pct": 43.95942891159759,
        "profit_factor": 0.9257272528241622
      }
    },
    "V": {
      "name": "Trend Breakout",
      "metrics": {
        "total_profit": 1156.1100000000001,
        "total_return_pct": 11.561100000000001,
        "num_trades": 99,
        "win_rate": 53.535353535353536,
        "avg_win": 159.46396226415095,
        "avg_loss": -158.5973913043478,
        "sharpe_ratio": 0.7964580227114196,
        "max_drawdown_pct": 18.80577300277429,
        "profit_factor": 1.0054639672990597
      }
    },
    "M": {
      "name": "Momentum",
      "metrics": {
        "total_profit": 2998.6600000000008,
        "total_return_pct": 29.986600000000006,
        "num_trades": 83,
        "win_rate": 43.373493975903614,
        "avg_win": 421.68527777777786,
        "avg_loss": -259.1917021276596,
        "sharpe_ratio": 1.2554587115990368,
        "max_drawdown_pct": 26.56431313041149,
        "profit_factor": 1.626924297021227
      }
    }
  },
  "signals": {
    "A": [
      {
        "ticker": "DELL",
        "action": "Long",
        "allocation_usd": 10000,
        "sl_factor": 3.2,
        "z_score": 0.11,
        "prev_return_pct": null,
        "vol_ratio": 0.82,
        "ticker_group": "BIG + ETF"
      },
      {
        "ticker": "PWR",
        "action": "Long",
        "allocation_usd": 10000,
        "sl_factor": 1.6,
        "z_score": 0.04,
        "prev_return_pct": null,
        "vol_ratio": 0.76,
        "ticker_group": "BIG + ETF"
      },
      {
        "ticker": "MPC",
        "action": "Long",
        "allocation_usd": 10000,
        "sl_factor": 0.8,
        "z_score": 0.03,
        "prev_return_pct": null,
        "vol_ratio": 1.43,
        "ticker_group": "BIG + ETF"
      }
    ],
    "B": [
      {
        "ticker": "MGCLY",
        "action": "Short",
        "allocation_usd": 10000,
        "sl_factor": 3.2,
        "z_score": 0.31,
        "prev_return_pct": null,
        "vol_ratio": 2.59,
        "ticker_group": "BIG + ETF"
      },
      {
        "ticker": "NEM",
        "action": "Long",
        "allocation_usd": 10000,
        "sl_factor": 0.4,
        "z_score": 0.09,
        "prev_return_pct": null,
        "vol_ratio": 2.29,
        "ticker_group": "BIG + ETF"
      },
      {
        "ticker": "TDG",
        "action": "Short",
        "allocation_usd": 10000,
        "sl_factor": 0.4,
        "z_score": 0.07,
        "prev_return_pct": null,
        "vol_ratio": 1.55,
        "ticker_group": "BIG + ETF"
      }
    ],
    "V": [
      {
        "ticker": "PCOR",
        "action": "Long",
        "allocation_usd": 10000,
        "sl_factor": 3.2,
        "z_score": 0.06,
        "prev_return_pct": null,
        "vol_ratio": 0.69,
        "ticker_group": "SMALL"
      },
      {
        "ticker": "FFIV",
        "action": "Long",
        "allocation_usd": 10000,
        "sl_factor": 3.2,
        "z_score": 0.04,
        "prev_return_pct": null,
        "vol_ratio": 1.84,
        "ticker_group": "SMALL"
      },
      {
        "ticker": "YPF",
        "action": "Long",
        "allocation_usd": 10000,
        "sl_factor": 0.8,
        "z_score": 0.03,
        "prev_return_pct": null,
        "vol_ratio": 3.6,
        "ticker_group": "SMALL"
      }
    ],
    "M": [
      {
        "ticker": "FNMA",
        "action": "Long",
        "allocation_usd": 10000,
        "sl_factor": 3.2,
        "z_score": null,
        "prev_return_pct": 9.28,
        "vol_ratio": 3.4,
        "ticker_group": "SMALL"
      },
      {
        "ticker": "NJDCY",
        "action": "Long",
        "allocation_usd": 10000,
        "sl_factor": 0.4,
        "z_score": null,
        "prev_return_pct": 7.38,
        "vol_ratio": 0.42,
        "ticker_group": "SMALL"
      },
      {
        "ticker": "IT",
        "action": "Long",
        "allocation_usd": 10000,
        "sl_factor": 0.8,
        "z_score": null,
        "prev_return_pct": 3.16,
        "vol_ratio": 0.84,
        "ticker_group": "SMALL"
      }
    ]
  },
  "equity": {
    "A": [
      {
        "date": "2026-02-04",
        "equity": 10223.69
      },
      {
        "date": "2026-02-05",
        "equity": 10148.22
      },
      {
        "date": "2026-02-06",
        "equity": 10481.13
      },
      {
        "date": "2026-02-09",
        "equity": 10206.79
      },
      {
        "date": "2026-02-10",
        "equity": 10245.09
      },
      {
        "date": "2026-02-11",
        "equity": 10426.64
      },
      {
        "date": "2026-02-12",
        "equity": 10131.24
      },
      {
        "date": "2026-02-13",
        "equity": 10159.72
      },
      {
        "date": "2026-02-17",
        "equity": 10320.54
      },
      {
        "date": "2026-02-18",
        "equity": 9739.3
      },
      {
        "date": "2026-02-19",
        "equity": 9758.81
      },
      {
        "date": "2026-02-20",
        "equity": 9954.86
      },
      {
        "date": "2026-02-23",
        "equity": 10139.63
      },
      {
        "date": "2026-02-24",
        "equity": 10144.94
      },
      {
        "date": "2026-02-25",
        "equity": 10307.57
      },
      {
        "date": "2026-02-26",
        "equity": 10100.67
      },
      {
        "date": "2026-02-27",
        "equity": 9894.49
      },
      {
        "date": "2026-03-02",
        "equity": 10268.6
      },
      {
        "date": "2026-03-03",
        "equity": 10666.57
      },
      {
        "date": "2026-03-04",
        "equity": 10929.57
      },
      {
        "date": "2026-03-05",
        "equity": 10829.24
      },
      {
        "date": "2026-03-06",
        "equity": 11313.46
      },
      {
        "date": "2026-03-09",
        "equity": 11729.39
      },
      {
        "date": "2026-03-10",
        "equity": 11335.64
      },
      {
        "date": "2026-03-11",
        "equity": 11346.45
      },
      {
        "date": "2026-03-12",
        "equity": 11241.56
      },
      {
        "date": "2026-03-13",
        "equity": 10987.7
      },
      {
        "date": "2026-03-16",
        "equity": 11084.47
      },
      {
        "date": "2026-03-17",
        "equity": 10884.17
      },
      {
        "date": "2026-03-18",
        "equity": 10460.28
      },
      {
        "date": "2026-03-19",
        "equity": 10596.0
      },
      {
        "date": "2026-03-20",
        "equity": 9927.28
      }
    ],
    "B": [
      {
        "date": "2026-02-04",
        "equity": 9854.95
      },
      {
        "date": "2026-02-05",
        "equity": 9611.16
      },
      {
        "date": "2026-02-06",
        "equity": 9423.96
      },
      {
        "date": "2026-02-09",
        "equity": 9525.54
      },
      {
        "date": "2026-02-10",
        "equity": 9881.98
      },
      {
        "date": "2026-02-11",
        "equity": 9875.26
      },
      {
        "date": "2026-02-12",
        "equity": 9624.72
      },
      {
        "date": "2026-02-13",
        "equity": 9382.86
      },
      {
        "date": "2026-02-17",