{
  "timestamp": "2026-02-05T14:13:27.993163",
  "strategies": {
    "A": {
      "name": "Mean Reversion",
      "metrics": {
        "total_profit": 895.3500000000001,
        "total_return_pct": 8.953500000000002,
        "num_trades": 9,
        "win_rate": 66.66666666666666,
        "avg_win": 163.60999999999999,
        "avg_loss": -28.77,
        "sharpe_ratio": 16.34869693979438,
        "max_drawdown_pct": 0.2806155790902732,
        "profit_factor": 5.686826555439693
      }
    },
    "B": {
      "name": "Volume Breakout",
      "metrics": {
        "total_profit": -770.99,
        "total_return_pct": -7.7099,
        "num_trades": 9,
        "win_rate": 11.11111111111111,
        "avg_win": 74.16,
        "avg_loss": -105.64375000000001,
        "sharpe_ratio": -23.82760671436037,
        "max_drawdown_pct": 7.4354460976796215,
        "profit_factor": 0.7019818967047269
      }
    },
    "V": {
      "name": "Trend Breakout",
      "metrics": {
        "total_profit": -602.52,
        "total_return_pct": -6.0252,
        "num_trades": 9,
        "win_rate": 0.0,
        "avg_win": 0,
        "avg_loss": -66.94666666666666,
        "sharpe_ratio": -23.097365011790412,
        "max_drawdown_pct": 6.006401280256055,
        "profit_factor": 0.0
      }
    },
    "M": {
      "name": "Momentum",
      "metrics": {
        "total_profit": 4775.370000000001,
        "total_return_pct": 47.75370000000001,
        "num_trades": 7,
        "win_rate": 71.42857142857143,
        "avg_win": 1016.5060000000001,
        "avg_loss": -153.58,
        "sharpe_ratio": 20.484933793717435,
        "max_drawdown_pct": 1.176535479155909,
        "profit_factor": 6.618739419195208
      }
    }
  },
  "signals": {
    "A": [
      {
        "ticker": "AAPL",
        "action": "Long",
        "allocation_usd": 10000,
        "sl_factor": 3.2,
        "z_score": 0.18,
        "prev_return_pct": null,
        "vol_ratio": 1.18,
        "ticker_group": "BIG + ETF"
      },
      {
        "ticker": "CM",
        "action": "Long",
        "allocation_usd": 10000,
        "sl_factor": 3.2,
        "z_score": 0.16,
        "prev_return_pct": null,
        "vol_ratio": 0.78,
        "ticker_group": "BIG + ETF"
      },
      {
        "ticker": "CARR",
        "action": "Long",
        "allocation_usd": 10000,
        "sl_factor": 0.4,
        "z_score": 0.14,
        "prev_return_pct": null,
        "vol_ratio": 1.1,
        "ticker_group": "BIG + ETF"
      }
    ],
    "B": [
      {
        "ticker": "RELX",
        "action": "Long",
        "allocation_usd": 10000,
        "sl_factor": 0.4,
        "z_score": 0.19,
        "prev_return_pct": null,
        "vol_ratio": 2.54,
        "ticker_group": "BIG + ETF"
      },
      {
        "ticker": "CME",
        "action": "Long",
        "allocation_usd": 10000,
        "sl_factor": 0.6,
        "z_score": 0.15,
        "prev_return_pct": null,
        "vol_ratio": 1.82,
        "ticker_group": "BIG + ETF"
      },
      {
        "ticker": "BX",
        "action": "Short",
        "allocation_usd": 10000,
        "sl_factor": 1.6,
        "z_score": 0.14,
        "prev_return_pct": null,
        "vol_ratio": 2.64,
        "ticker_group": "BIG + ETF"
      }
    ],
    "V": [
      {
        "ticker": "CRRFY",
        "action": "Long",
        "allocation_usd": 10000,
        "sl_factor": 1.6,
        "z_score": 0.15,
        "prev_return_pct": null,
        "vol_ratio": 0.68,
        "ticker_group": "SMALL"
      },
      {
        "ticker": "ASR",
        "action": "Long",
        "allocation_usd": 10000,
        "sl_factor": 0.4,
        "z_score": 0.1,
        "prev_return_pct": null,
        "vol_ratio": 1.29,
        "ticker_group": "SMALL"
      },
      {
        "ticker": "HNGKY",
        "action": "Long",
        "allocation_usd": 10000,
        "sl_factor": 0.4,
        "z_score": 0.08,
        "prev_return_pct": null,
        "vol_ratio": 0.55,
        "ticker_group": "SMALL"
      }
    ],
    "M": [
      {
        "ticker": "FTV",
        "action": "Long",
        "allocation_usd": 10000,
        "sl_factor": 3.2,
        "z_score": null,
        "prev_return_pct": 10.33,
        "vol_ratio": 1.65,
        "ticker_group": "SMALL"
      },
      {
        "ticker": "CAVA",
        "action": "Long",
        "allocation_usd": 10000,
        "sl_factor": 1.6,
        "z_score": null,
        "prev_return_pct": 10.03,
        "vol_ratio": 0.87,
        "ticker_group": "SMALL"
      },
      {
        "ticker": "NYT",
        "action": "Long",
        "allocation_usd": 10000,
        "sl_factor": 0.6,
        "z_score": null,
        "prev_return_pct": 8.47,
        "vol_ratio": 3.1,
        "ticker_group": "SMALL"
      }
    ]
  },
  "equity": {
    "A": [
      {
        "date": "2026-02-04",
        "equity": 10895.35
      }
    ],
    "B": [
      {
        "date": "2026-02-04",
        "equity": 9229.01
      }
    ],
    "V": [
      {
        "date": "2026-02-04",
        "equity": 9397.48
      }
    ],
    "M": [
      {
        "date": "2026-02-04",
        "equity": 14775.37
      }
    ]
  }
}