{
  "timestamp": "2026-03-24T23:23:20.010841",
  "strategies": {
    "A": {
      "name": "Mean Reversion",
      "metrics": {
        "total_profit": 1336.53,
        "total_return_pct": 13.3653,
        "num_trades": 104,
        "win_rate": 58.65384615384615,
        "avg_win": 114.5293442622951,
        "avg_loss": -131.38976744186047,
        "sharpe_ratio": 1.2344891214445541,
        "max_drawdown_pct": 15.742980477230798,
        "profit_factor": 0.8716762841746709
      }
    },
    "B": {
      "name": "Volume Breakout",
      "metrics": {
        "total_profit": -3837.4599999999996,
        "total_return_pct": -38.3746,
        "num_trades": 105,
        "win_rate": 39.04761904761905,
        "avg_win": 128.52634146341464,
        "avg_loss": -142.2975,
        "sharpe_ratio": -3.3968934393532324,
        "max_drawdown_pct": 43.95942891159759,
        "profit_factor": 0.9032227654274645
      }
    },
    "V": {
      "name": "Trend Breakout",
      "metrics": {
        "total_profit": 2095.6400000000003,
        "total_return_pct": 20.956400000000002,
        "num_trades": 105,
        "win_rate": 56.19047619047619,
        "avg_win": 159.17152542372884,
        "avg_loss": -158.5973913043478,
        "sharpe_ratio": 1.3715015066213325,
        "max_drawdown_pct": 18.80577300277429,
        "profit_factor": 1.0036200729069955
      }
    },
    "M": {
      "name": "Momentum",
      "metrics": {
        "total_profit": 4290.31,
        "total_return_pct": 42.9031,
        "num_trades": 88,
        "win_rate": 44.31818181818182,
        "avg_win": 430.003076923077,
        "avg_loss": -254.69,
        "sharpe_ratio": 1.6833101567693236,
        "max_drawdown_pct": 26.56431313041149,
        "profit_factor": 1.6883390667991558
      }
    }
  },
  "signals": {
    "A": [
      {
        "ticker": "GEV",
        "action": "Long",
        "allocation_usd": 10000,
        "sl_factor": 3.2,
        "z_score": 0.25,
        "prev_return_pct": null,
        "vol_ratio": 1.29,
        "ticker_group": "BIG + ETF"
      },
      {
        "ticker": "PTCAY",
        "action": "Long",
        "allocation_usd": 10000,
        "sl_factor": 0.4,
        "z_score": 0.0,
        "prev_return_pct": null,
        "vol_ratio": 1.0,
        "ticker_group": "BIG + ETF"
      },
      {
        "ticker": "PLTR",
        "action": "Long",
        "allocation_usd": 10000,
        "sl_factor": 0.6,
        "z_score": -0.03,
        "prev_return_pct": null,
        "vol_ratio": 1.15,
        "ticker_group": "BIG + ETF"
      }
    ],
    "B": [
      {
        "ticker": "MGCLY",
        "action": "Long",
        "allocation_usd": 10000,
        "sl_factor": 3.2,
        "z_score": 0.31,
        "prev_return_pct": null,
        "vol_ratio": 5.13,
        "ticker_group": "BIG + ETF"
      },
      {
        "ticker": "ARM",
        "action": "Long",
        "allocation_usd": 10000,
        "sl_factor": 0.4,
        "z_score": 0.07,
        "prev_return_pct": null,
        "vol_ratio": 1.77,
        "ticker_group": "BIG + ETF"
      },
      {
        "ticker": "KMI",
        "action": "Long",
        "allocation_usd": 10000,
        "sl_factor": 3.2,
        "z_score": 0.03,
        "prev_return_pct": null,
        "vol_ratio": 1.56,
        "ticker_group": "BIG + ETF"
      }
    ],
    "V": [
      {
        "ticker": "PUGBY",
        "action": "Long",
        "allocation_usd": 10000,
        "sl_factor": 1.6,
        "z_score": 0.3,
        "prev_return_pct": null,
        "vol_ratio": 10.54,
        "ticker_group": "SMALL"
      },
      {
        "ticker": "FRHC",
        "action": "Long",
        "allocation_usd": 10000,
        "sl_factor": 0.6,
        "z_score": 0.09,
        "prev_return_pct": null,
        "vol_ratio": 0.83,
        "ticker_group": "SMALL"
      },
      {
        "ticker": "YAHOY",
        "action": "Long",
        "allocation_usd": 10000,
        "sl_factor": 0.4,
        "z_score": 0.05,
        "prev_return_pct": null,
        "vol_ratio": 0.78,
        "ticker_group": "SMALL"
      }
    ],
    "M": [
      {
        "ticker": "FN",
        "action": "Long",
        "allocation_usd": 10000,
        "sl_factor": 1.6,
        "z_score": null,
        "prev_return_pct": 11.17,
        "vol_ratio": 1.18,
        "ticker_group": "SMALL"
      },
      {
        "ticker": "SN",
        "action": "Long",
        "allocation_usd": 10000,
        "sl_factor": 1.6,
        "z_score": null,
        "prev_return_pct": 7.58,
        "vol_ratio": 0.93,
        "ticker_group": "SMALL"
      },
      {
        "ticker": "FLEX",
        "action": "Long",
        "allocation_usd": 10000,
        "sl_factor": 0.4,
        "z_score": null,
        "prev_return_pct": 7.02,
        "vol_ratio": 0.79,
        "ticker_group": "SMALL"
      }
    ]
  },
  "equity": {
    "A": [
      {
        "date": "2026-02-04",
        "equity": 10223.69
      },
      {
        "date": "2026-02-05",
        "equity": 10148.22
      },
      {
        "date": "2026-02-06",
        "equity": 10481.13
      },
      {
        "date": "2026-02-09",
        "equity": 10206.79
      },
      {
        "date": "2026-02-10",
        "equity": 10245.09
      },
      {
        "date": "2026-02-11",
        "equity": 10426.64
      },
      {
        "date": "2026-02-12",
        "equity": 10131.24
      },
      {
        "date": "2026-02-13",
        "equity": 10159.72
      },
      {
        "date": "2026-02-17",
        "equity": 10320.54
      },
      {
        "date": "2026-02-18",
        "equity": 9739.3
      },
      {
        "date": "2026-02-19",
        "equity": 9758.81
      },
      {
        "date": "2026-02-20",
        "equity": 9954.86
      },
      {
        "date": "2026-02-23",
        "equity": 10139.63
      },
      {
        "date": "2026-02-24",
        "equity": 10144.94
      },
      {
        "date": "2026-02-25",
        "equity": 10307.57
      },
      {
        "date": "2026-02-26",
        "equity": 10100.67
      },
      {
        "date": "2026-02-27",
        "equity": 9894.49
      },
      {
        "date": "2026-03-02",
        "equity": 10268.6
      },
      {
        "date": "2026-03-03",
        "equity": 10666.57
      },
      {
        "date": "2026-03-04",
        "equity": 10929.57
      },
      {
        "date": "2026-03-05",
        "equity": 10829.24
      },
      {
        "date": "2026-03-06",
        "equity": 11313.46
      },
      {
        "date": "2026-03-09",
        "equity": 11729.39
      },
      {
        "date": "2026-03-10",
        "equity": 11335.64
      },
      {
        "date": "2026-03-11",
        "equity": 11346.45
      },
      {
        "date": "2026-03-12",
        "equity": 11241.56
      },
      {
        "date": "2026-03-13",
        "equity": 10987.7
      },
      {
        "date": "2026-03-16",
        "equity": 11084.47
      },
      {
        "date": "2026-03-17",
        "equity": 10884.17
      },
      {
        "date": "2026-03-18",
        "equity": 10460.28
      },
      {
        "date": "2026-03-19",
        "equity": 10596.0
      },
      {
        "date": "2026-03-20",
        "equity": 9927.28
      },
      {
        "date": "2026-03-23",
        "equity": 10602.74
      },
      {
        "date": "2026-03-24",
        "equity": 11336.53
      }
    ],
    "B": [
      {
        "date": "2026-02-04",
        "equity": 9854.95
      },
      {
        "date": "2026-02-05",
        "equity": 9611.16
      },
      {
        "date": "2026-02-06",
        "equity": 9423.96
      },
      {
        "date": "2026-02-09",
        "equity": 9525.54
      },
      {
        "date": "2026-02-10",
        "equity": 9881.98
      },
      {
        "date": "2026-02-11",
        "equity": 9875.26
      },
      {
        "date": "2026-02-12",
        "equity": 9624.72
      },
      {
        "date": "2026-02-13",