{
  "timestamp": "2026-04-02T23:24:47.966625",
  "strategies": {
    "A": {
      "name": "Mean Reversion",
      "metrics": {
        "total_profit": 330.6899999999996,
        "total_return_pct": 3.306899999999996,
        "num_trades": 123,
        "win_rate": 55.28455284552846,
        "avg_win": 113.33558823529413,
        "avg_loss": -134.11145454545454,
        "sharpe_ratio": 0.2588666331744841,
        "max_drawdown_pct": 15.742980477230798,
        "profit_factor": 0.8450850721097889
      }
    },
    "B": {
      "name": "Volume Breakout",
      "metrics": {
        "total_profit": -4129.129999999999,
        "total_return_pct": -41.29129999999999,
        "num_trades": 126,
        "win_rate": 38.88888888888889,
        "avg_win": 134.72387755102042,
        "avg_loss": -139.35844155844157,
        "sharpe_ratio": -3.0117027787662405,
        "max_drawdown_pct": 43.95942891159759,
        "profit_factor": 0.9667435717880242
      }
    },
    "V": {
      "name": "Trend Breakout",
      "metrics": {
        "total_profit": 708.9,
        "total_return_pct": 7.0889999999999995,
        "num_trades": 126,
        "win_rate": 52.38095238095239,
        "avg_win": 149.1719696969697,
        "avg_loss": -152.27416666666667,
        "sharpe_ratio": 0.4065858702996836,
        "max_drawdown_pct": 23.112774116025523,
        "profit_factor": 0.9796275557594232
      }
    },
    "M": {
      "name": "Momentum",
      "metrics": {
        "total_profit": 3122.5000000000005,
        "total_return_pct": 31.225,
        "num_trades": 109,
        "win_rate": 44.03669724770643,
        "avg_win": 402.12125,
        "avg_loss": -265.2347540983606,
        "sharpe_ratio": 1.0210113716966707,
        "max_drawdown_pct": 32.70445190427066,
        "profit_factor": 1.5160956239199177
      }
    }
  },
  "signals": {
    "A": [
      {
        "ticker": "UBS",
        "action": "Long",
        "allocation_usd": 10000,
        "sl_factor": 0.4,
        "z_score": 0.09,
        "prev_return_pct": null,
        "vol_ratio": 1.41,
        "ticker_group": "BIG + ETF"
      },
      {
        "ticker": "NWG",
        "action": "Long",
        "allocation_usd": 10000,
        "sl_factor": 0.4,
        "z_score": 0.09,
        "prev_return_pct": null,
        "vol_ratio": 1.28,
        "ticker_group": "BIG + ETF"
      },
      {
        "ticker": "MUFG",
        "action": "Long",
        "allocation_usd": 10000,
        "sl_factor": 3.2,
        "z_score": 0.09,
        "prev_return_pct": null,
        "vol_ratio": 1.25,
        "ticker_group": "BIG + ETF"
      }
    ],
    "B": [
      {
        "ticker": "CFRUY",
        "action": "Long",
        "allocation_usd": 10000,
        "sl_factor": 3.2,
        "z_score": 0.14,
        "prev_return_pct": null,
        "vol_ratio": 1.54,
        "ticker_group": "BIG + ETF"
      },
      {
        "ticker": "LLY",
        "action": "Long",
        "allocation_usd": 10000,
        "sl_factor": 0.4,
        "z_score": 0.13,
        "prev_return_pct": null,
        "vol_ratio": 2.07,
        "ticker_group": "BIG + ETF"
      },
      {
        "ticker": "UL",
        "action": "Long",
        "allocation_usd": 10000,
        "sl_factor": 0.4,
        "z_score": 0.13,
        "prev_return_pct": null,
        "vol_ratio": 2.5,
        "ticker_group": "BIG + ETF"
      }
    ],
    "V": [
      {
        "ticker": "PUGBY",
        "action": "Long",
        "allocation_usd": 10000,
        "sl_factor": 1.6,
        "z_score": 0.3,
        "prev_return_pct": null,
        "vol_ratio": 0.43,
        "ticker_group": "SMALL"
      },
      {
        "ticker": "ARNNY",
        "action": "Long",
        "allocation_usd": 10000,
        "sl_factor": 1.6,
        "z_score": 0.29,
        "prev_return_pct": null,
        "vol_ratio": 1.21,
        "ticker_group": "SMALL"
      },
      {
        "ticker": "EDPFY",
        "action": "Long",
        "allocation_usd": 10000,
        "sl_factor": 1.6,
        "z_score": 0.18,
        "prev_return_pct": null,
        "vol_ratio": 1.05,
        "ticker_group": "SMALL"
      }
    ],
    "M": [
      {
        "ticker": "SBAC",
        "action": "Long",
        "allocation_usd": 10000,
        "sl_factor": 3.2,
        "z_score": null,
        "prev_return_pct": 19.05,
        "vol_ratio": 1.04,
        "ticker_group": "SMALL"
      },
      {
        "ticker": "ASTS",
        "action": "Long",
        "allocation_usd": 10000,
        "sl_factor": 1.6,
        "z_score": null,
        "prev_return_pct": 16.94,
        "vol_ratio": 0.97,
        "ticker_group": "SMALL"
      },
      {
        "ticker": "NBIS",
        "action": "Long",
        "allocation_usd": 10000,
        "sl_factor": 0.8,
        "z_score": null,
        "prev_return_pct": 13.11,
        "vol_ratio": 0.8,
        "ticker_group": "SMALL"
      }
    ]
  },
  "equity": {
    "A": [
      {
        "date": "2026-02-04",
        "equity": 10223.69
      },
      {
        "date": "2026-02-05",
        "equity": 10148.22
      },
      {
        "date": "2026-02-06",
        "equity": 10481.13
      },
      {
        "date": "2026-02-09",
        "equity": 10206.79
      },
      {
        "date": "2026-02-10",
        "equity": 10245.09
      },
      {
        "date": "2026-02-11",
        "equity": 10426.64
      },
      {
        "date": "2026-02-12",
        "equity": 10131.24
      },
      {
        "date": "2026-02-13",
        "equity": 10159.72
      },
      {
        "date": "2026-02-17",
        "equity": 10320.54
      },
      {
        "date": "2026-02-18",
        "equity": 9739.3
      },
      {
        "date": "2026-02-19",
        "equity": 9758.81
      },
      {
        "date": "2026-02-20",
        "equity": 9954.86
      },
      {
        "date": "2026-02-23",
        "equity": 10139.63
      },
      {
        "date": "2026-02-24",
        "equity": 10144.94
      },
      {
        "date": "2026-02-25",
        "equity": 10307.57
      },
      {
        "date": "2026-02-26",
        "equity": 10100.67
      },
      {
        "date": "2026-02-27",
        "equity": 9894.49
      },
      {
        "date": "2026-03-02",
        "equity": 10268.6
      },
      {
        "date": "2026-03-03",
        "equity": 10666.57
      },
      {
        "date": "2026-03-04",
        "equity": 10929.57
      },
      {
        "date": "2026-03-05",
        "equity": 10829.24
      },
      {
        "date": "2026-03-06",
        "equity": 11313.46
      },
      {
        "date": "2026-03-09",
        "equity": 11729.39
      },
      {
        "date": "2026-03-10",
        "equity": 11335.64
      },
      {
        "date": "2026-03-11",
        "equity": 11346.45
      },
      {
        "date": "2026-03-12",
        "equity": 11241.56
      },
      {
        "date": "2026-03-13",
        "equity": 10987.7
      },
      {
        "date": "2026-03-16",
        "equity": 11084.47
      },
      {
        "date": "2026-03-17",
        "equity": 10884.17
      },
      {
        "date": "2026-03-18",
        "equity": 10460.28
      },
      {
        "date": "2026-03-19",
        "equity": 10596.0
      },
      {
        "date": "2026-03-20",
        "equity": 9927.28
      },
      {
        "date": "2026-03-23",
        "equity": 10602.74
      },
      {
        "date": "2026-03-24",
        "equity": 11336.53
      },
      {
        "date": "2026-03-25",
        "equity": 11151.9
      },
      {
        "date": "2026-03-26",
        "equity": 10766.33
      },
      {
        "date": "2026-03-27",
        "equity": 10559.82
      },
      {
        "date": "2026-03-30",
        "equity": 10410.55
      },
      {
        "date": "2026-03-31",
        "equity": 10162.26
      },
      {
        "date": "2026-04-01",
        "equity": 10151.67
      },
      {
        "date": "2026-04-02",
        "equity": 10330.69
      }
    ],
    "B": [
      {
        "date": "2026-02-04",