{
  "timestamp": "2026-02-05T18:52:49.486725",
  "strategies": {
    "A": {
      "name": "Mean Reversion",
      "metrics": {
        "total_profit": 842.3999999999999,
        "total_return_pct": 8.423999999999998,
        "num_trades": 15,
        "win_rate": 53.333333333333336,
        "avg_win": 171.4275,
        "avg_loss": -75.57428571428571,
        "sharpe_ratio": 6.848643671019984,
        "max_drawdown_pct": 1.9284344585549469,
        "profit_factor": 2.2683310649880917
      }
    },
    "B": {
      "name": "Volume Breakout",
      "metrics": {
        "total_profit": -656.55,
        "total_return_pct": -6.565499999999999,
        "num_trades": 15,
        "win_rate": 26.666666666666668,
        "avg_win": 138.065,
        "avg_loss": -109.89181818181818,
        "sharpe_ratio": -5.0037836713634904,
        "max_drawdown_pct": 8.453865711835602,
        "profit_factor": 1.2563719691266617
      }
    },
    "V": {
      "name": "Trend Breakout",
      "metrics": {
        "total_profit": -579.11,
        "total_return_pct": -5.7911,
        "num_trades": 15,
        "win_rate": 20.0,
        "avg_win": 80.53333333333332,
        "avg_loss": -68.3925,
        "sharpe_ratio": -8.232277588971929,
        "max_drawdown_pct": 7.642228445689135,
        "profit_factor": 1.177517027939223
      }
    },
    "M": {
      "name": "Momentum",
      "metrics": {
        "total_profit": 6968.44,
        "total_return_pct": 69.6844,
        "num_trades": 12,
        "win_rate": 66.66666666666666,
        "avg_win": 956.0350000000001,
        "avg_loss": -169.96,
        "sharpe_ratio": 15.619340921550597,
        "max_drawdown_pct": 3.5250972104535165,
        "profit_factor": 5.6250588373734995
      }
    }
  },
  "signals": {
    "A": [
      {
        "ticker": "CM",
        "action": "Long",
        "allocation_usd": 10000,
        "sl_factor": 3.2,
        "z_score": 0.16,
        "prev_return_pct": null,
        "vol_ratio": 0.6,
        "ticker_group": "BIG + ETF"
      },
      {
        "ticker": "SMFG",
        "action": "Long",
        "allocation_usd": 10000,
        "sl_factor": 0.8,
        "z_score": 0.16,
        "prev_return_pct": null,
        "vol_ratio": 1.59,
        "ticker_group": "BIG + ETF"
      },
      {
        "ticker": "AMP",
        "action": "Long",
        "allocation_usd": 10000,
        "sl_factor": 0.6,
        "z_score": 0.09,
        "prev_return_pct": null,
        "vol_ratio": 1.69,
        "ticker_group": "BIG + ETF"
      }
    ],
    "B": [
      {
        "ticker": "ORLY",
        "action": "Short",
        "allocation_usd": 10000,
        "sl_factor": 3.2,
        "z_score": 0.2,
        "prev_return_pct": null,
        "vol_ratio": 1.64,
        "ticker_group": "BIG + ETF"
      },
      {
        "ticker": "RELX",
        "action": "Long",
        "allocation_usd": 10000,
        "sl_factor": 0.4,
        "z_score": 0.19,
        "prev_return_pct": null,
        "vol_ratio": 2.06,
        "ticker_group": "BIG + ETF"
      },
      {
        "ticker": "AAPL",
        "action": "Long",
        "allocation_usd": 10000,
        "sl_factor": 0.8,
        "z_score": 0.18,
        "prev_return_pct": null,
        "vol_ratio": 1.6,
        "ticker_group": "BIG + ETF"
      }
    ],
    "V": [
      {
        "ticker": "RSHGY",
        "action": "Long",
        "allocation_usd": 10000,
        "sl_factor": 1.6,
        "z_score": 0.34,
        "prev_return_pct": null,
        "vol_ratio": 0.43,
        "ticker_group": "SMALL"
      },
      {
        "ticker": "UUGRY",
        "action": "Long",
        "allocation_usd": 10000,
        "sl_factor": 3.2,
        "z_score": 0.19,
        "prev_return_pct": null,
        "vol_ratio": 1.11,
        "ticker_group": "SMALL"
      },
      {
        "ticker": "CRRFY",
        "action": "Long",
        "allocation_usd": 10000,
        "sl_factor": 1.6,
        "z_score": 0.15,
        "prev_return_pct": null,
        "vol_ratio": 1.33,
        "ticker_group": "SMALL"
      }
    ],
    "M": [
      {
        "ticker": "CKHGF",
        "action": "Long",
        "allocation_usd": 10000,
        "sl_factor": 0.4,
        "z_score": null,
        "prev_return_pct": 34.43,
        "vol_ratio": 1.0,
        "ticker_group": "SMALL"
      },
      {
        "ticker": "COHR",
        "action": "Long",
        "allocation_usd": 10000,
        "sl_factor": 0.6,
        "z_score": null,
        "prev_return_pct": 13.55,
        "vol_ratio": 2.55,
        "ticker_group": "SMALL"
      },
      {
        "ticker": "MTSI",
        "action": "Long",
        "allocation_usd": 10000,
        "sl_factor": 3.2,
        "z_score": null,
        "prev_return_pct": 10.35,
        "vol_ratio": 1.51,
        "ticker_group": "SMALL"
      }
    ]
  },
  "equity": {
    "A": [
      {
        "date": "2026-02-04",
        "equity": 10895.35
      },
      {
        "date": "2026-02-05",
        "equity": 10842.4
      }
    ],
    "B": [
      {
        "date": "2026-02-04",
        "equity": 9229.01
      },
      {
        "date": "2026-02-05",
        "equity": 9343.45
      }
    ],
    "V": [
      {
        "date": "2026-02-04",
        "equity": 9397.48
      },
      {
        "date": "2026-02-05",
        "equity": 9420.89
      }
    ],
    "M": [
      {
        "date": "2026-02-04",
        "equity": 14775.37
      },
      {
        "date": "2026-02-05",
        "equity": 16968.44
      }
    ]
  }
}