{
  "timestamp": "2026-03-31T23:24:51.932115",
  "strategies": {
    "A": {
      "name": "Mean Reversion",
      "metrics": {
        "total_profit": 162.25999999999925,
        "total_return_pct": 1.6225999999999925,
        "num_trades": 117,
        "win_rate": 54.700854700854705,
        "avg_win": 113.57328125000001,
        "avg_loss": -134.08358490566036,
        "sharpe_ratio": 0.13226182629209743,
        "max_drawdown_pct": 15.742980477230798,
        "profit_factor": 0.8470334480533828
      }
    },
    "B": {
      "name": "Volume Breakout",
      "metrics": {
        "total_profit": -3881.7,
        "total_return_pct": -38.81699999999999,
        "num_trades": 120,
        "win_rate": 39.166666666666664,
        "avg_win": 137.3068085106383,
        "avg_loss": -141.57698630136989,
        "sharpe_ratio": -2.9225619477612508,
        "max_drawdown_pct": 43.95942891159759,
        "profit_factor": 0.9698384751484834
      }
    },
    "V": {
      "name": "Trend Breakout",
      "metrics": {
        "total_profit": 970.96,
        "total_return_pct": 9.7096,
        "num_trades": 120,
        "win_rate": 51.66666666666667,
        "avg_win": 154.13790322580647,
        "avg_loss": -148.02741379310345,
        "sharpe_ratio": 0.5814277702502654,
        "max_drawdown_pct": 19.22331583938554,
        "profit_factor": 1.0412794446388396
      }
    },
    "M": {
      "name": "Momentum",
      "metrics": {
        "total_profit": 2610.6800000000003,
        "total_return_pct": 26.106800000000003,
        "num_trades": 103,
        "win_rate": 43.689320388349515,
        "avg_win": 399.72977777777777,
        "avg_loss": -265.123448275862,
        "sharpe_ratio": 0.8959667810662604,
        "max_drawdown_pct": 32.70445190427066,
        "profit_factor": 1.507711899408676
      }
    }
  },
  "signals": {
    "A": [
      {
        "ticker": "CTVA",
        "action": "Long",
        "allocation_usd": 10000,
        "sl_factor": 3.2,
        "z_score": 0.06,
        "prev_return_pct": null,
        "vol_ratio": 1.17,
        "ticker_group": "BIG + ETF"
      },
      {
        "ticker": "EQNR",
        "action": "Long",
        "allocation_usd": 10000,
        "sl_factor": 3.2,
        "z_score": 0.03,
        "prev_return_pct": null,
        "vol_ratio": 0.71,
        "ticker_group": "BIG + ETF"
      },
      {
        "ticker": "PFE",
        "action": "Long",
        "allocation_usd": 10000,
        "sl_factor": 3.2,
        "z_score": 0.02,
        "prev_return_pct": null,
        "vol_ratio": 1.12,
        "ticker_group": "BIG + ETF"
      }
    ],
    "B": [
      {
        "ticker": "RSG",
        "action": "Long",
        "allocation_usd": 10000,
        "sl_factor": 1.6,
        "z_score": 0.1,
        "prev_return_pct": null,
        "vol_ratio": 1.53,
        "ticker_group": "BIG + ETF"
      },
      {
        "ticker": "TEL",
        "action": "Short",
        "allocation_usd": 10000,
        "sl_factor": 3.2,
        "z_score": 0.1,
        "prev_return_pct": null,
        "vol_ratio": 1.51,
        "ticker_group": "BIG + ETF"
      },
      {
        "ticker": "PEP",
        "action": "Long",
        "allocation_usd": 10000,
        "sl_factor": 0.4,
        "z_score": 0.08,
        "prev_return_pct": null,
        "vol_ratio": 1.61,
        "ticker_group": "BIG + ETF"
      }
    ],
    "V": [
      {
        "ticker": "INSM",
        "action": "Long",
        "allocation_usd": 10000,
        "sl_factor": 3.2,
        "z_score": 0.04,
        "prev_return_pct": null,
        "vol_ratio": 2.02,
        "ticker_group": "SMALL"
      },
      {
        "ticker": "UTHR",
        "action": "Long",
        "allocation_usd": 10000,
        "sl_factor": 1.6,
        "z_score": 0.03,
        "prev_return_pct": null,
        "vol_ratio": 2.6,
        "ticker_group": "SMALL"
      },
      {
        "ticker": "YPF",
        "action": "Long",
        "allocation_usd": 10000,
        "sl_factor": 0.8,
        "z_score": 0.03,
        "prev_return_pct": null,
        "vol_ratio": 1.57,
        "ticker_group": "SMALL"
      }
    ],
    "M": [
      {
        "ticker": "SNAP",
        "action": "Long",
        "allocation_usd": 10000,
        "sl_factor": 3.2,
        "z_score": null,
        "prev_return_pct": 12.75,
        "vol_ratio": 2.0,
        "ticker_group": "SMALL"
      },
      {
        "ticker": "HIMS",
        "action": "Long",
        "allocation_usd": 10000,
        "sl_factor": 0.4,
        "z_score": null,
        "prev_return_pct": 10.54,
        "vol_ratio": 0.42,
        "ticker_group": "SMALL"
      },
      {
        "ticker": "BE",
        "action": "Long",
        "allocation_usd": 10000,
        "sl_factor": 0.4,
        "z_score": null,
        "prev_return_pct": 9.76,
        "vol_ratio": 1.26,
        "ticker_group": "SMALL"
      }
    ]
  },
  "equity": {
    "A": [
      {
        "date": "2026-02-04",
        "equity": 10223.69
      },
      {
        "date": "2026-02-05",
        "equity": 10148.22
      },
      {
        "date": "2026-02-06",
        "equity": 10481.13
      },
      {
        "date": "2026-02-09",
        "equity": 10206.79
      },
      {
        "date": "2026-02-10",
        "equity": 10245.09
      },
      {
        "date": "2026-02-11",
        "equity": 10426.64
      },
      {
        "date": "2026-02-12",
        "equity": 10131.24
      },
      {
        "date": "2026-02-13",
        "equity": 10159.72
      },
      {
        "date": "2026-02-17",
        "equity": 10320.54
      },
      {
        "date": "2026-02-18",
        "equity": 9739.3
      },
      {
        "date": "2026-02-19",
        "equity": 9758.81
      },
      {
        "date": "2026-02-20",
        "equity": 9954.86
      },
      {
        "date": "2026-02-23",
        "equity": 10139.63
      },
      {
        "date": "2026-02-24",
        "equity": 10144.94
      },
      {
        "date": "2026-02-25",
        "equity": 10307.57
      },
      {
        "date": "2026-02-26",
        "equity": 10100.67
      },
      {
        "date": "2026-02-27",
        "equity": 9894.49
      },
      {
        "date": "2026-03-02",
        "equity": 10268.6
      },
      {
        "date": "2026-03-03",
        "equity": 10666.57
      },
      {
        "date": "2026-03-04",
        "equity": 10929.57
      },
      {
        "date": "2026-03-05",
        "equity": 10829.24
      },
      {
        "date": "2026-03-06",
        "equity": 11313.46
      },
      {
        "date": "2026-03-09",
        "equity": 11729.39
      },
      {
        "date": "2026-03-10",
        "equity": 11335.64
      },
      {
        "date": "2026-03-11",
        "equity": 11346.45
      },
      {
        "date": "2026-03-12",
        "equity": 11241.56
      },
      {
        "date": "2026-03-13",
        "equity": 10987.7
      },
      {
        "date": "2026-03-16",
        "equity": 11084.47
      },
      {
        "date": "2026-03-17",
        "equity": 10884.17
      },
      {
        "date": "2026-03-18",
        "equity": 10460.28
      },
      {
        "date": "2026-03-19",
        "equity": 10596.0
      },
      {
        "date": "2026-03-20",
        "equity": 9927.28
      },
      {
        "date": "2026-03-23",
        "equity": 10602.74
      },
      {
        "date": "2026-03-24",
        "equity": 11336.53
      },
      {
        "date": "2026-03-25",
        "equity": 11151.9
      },
      {
        "date": "2026-03-26",
        "equity": 10766.33
      },
      {
        "date": "2026-03-27",
        "equity": 10559.82
      },
      {
        "date": "2026-03-30",
        "equity": 10410.55
      },
      {
        "date": "2026-03-31",
        "equity": 10162.26
      }
    ],
    "B": [
      {
        "date": "2026-02-04",
        "equity": 9854.95
      },
      {
        "date": "2026-02-05",
        "equity": 9611.16
      },
      {
        "date": "2026-02-06",