{
  "timestamp": "2026-02-25T23:23:13.391949",
  "strategies": {
    "A": {
      "name": "Mean Reversion",
      "metrics": {
        "total_profit": 307.56999999999977,
        "total_return_pct": 3.0756999999999977,
        "num_trades": 48,
        "win_rate": 60.416666666666664,
        "avg_win": 79.62206896551724,
        "avg_loss": -105.34052631578946,
        "sharpe_ratio": 0.9038602310338463,
        "max_drawdown_pct": 7.184918275878832,
        "profit_factor": 0.7558541024071447
      }
    },
    "B": {
      "name": "Volume Breakout",
      "metrics": {
        "total_profit": -1741.74,
        "total_return_pct": -17.4174,
        "num_trades": 48,
        "win_rate": 39.58333333333333,
        "avg_win": 151.50947368421052,
        "avg_loss": -159.32482758620688,
        "sharpe_ratio": -2.9997410731562466,
        "max_drawdown_pct": 18.33708771811854,
        "profit_factor": 0.9509470430917764
      }
    },
    "V": {
      "name": "Trend Breakout",
      "metrics": {
        "total_profit": 2401.85,
        "total_return_pct": 24.0185,
        "num_trades": 48,
        "win_rate": 56.25,
        "avg_win": 202.92629629629627,
        "avg_loss": -146.53142857142856,
        "sharpe_ratio": 2.8846583832567965,
        "max_drawdown_pct": 9.11259112591126,
        "profit_factor": 1.3848653375912277
      }
    },
    "M": {
      "name": "Momentum",
      "metrics": {
        "total_profit": 7557.95,
        "total_return_pct": 75.5795,
        "num_trades": 39,
        "win_rate": 51.28205128205128,
        "avg_win": 555.6379999999999,
        "avg_loss": -187.09526315789472,
        "sharpe_ratio": 5.939560185301037,
        "max_drawdown_pct": 9.43957064840574,
        "profit_factor": 2.969813295225342
      }
    }
  },
  "signals": {
    "A": [
      {
        "ticker": "CFRUY",
        "action": "Long",
        "allocation_usd": 10000,
        "sl_factor": 3.2,
        "z_score": 0.14,
        "prev_return_pct": null,
        "vol_ratio": 1.61,
        "ticker_group": "BIG + ETF"
      },
      {
        "ticker": "AMGN",
        "action": "Long",
        "allocation_usd": 10000,
        "sl_factor": 1.6,
        "z_score": 0.1,
        "prev_return_pct": null,
        "vol_ratio": 0.81,
        "ticker_group": "BIG + ETF"
      },
      {
        "ticker": "MO",
        "action": "Long",
        "allocation_usd": 10000,
        "sl_factor": 0.4,
        "z_score": 0.08,
        "prev_return_pct": null,
        "vol_ratio": 0.66,
        "ticker_group": "BIG + ETF"
      }
    ],
    "B": [
      {
        "ticker": "RELX",
        "action": "Long",
        "allocation_usd": 10000,
        "sl_factor": 0.4,
        "z_score": 0.18,
        "prev_return_pct": null,
        "vol_ratio": 1.81,
        "ticker_group": "BIG + ETF"
      },
      {
        "ticker": "CFRUY",
        "action": "Long",
        "allocation_usd": 10000,
        "sl_factor": 3.2,
        "z_score": 0.14,
        "prev_return_pct": null,
        "vol_ratio": 1.61,
        "ticker_group": "BIG + ETF"
      },
      {
        "ticker": "AMX",
        "action": "Long",
        "allocation_usd": 10000,
        "sl_factor": 0.4,
        "z_score": 0.12,
        "prev_return_pct": null,
        "vol_ratio": 2.34,
        "ticker_group": "BIG + ETF"
      }
    ],
    "V": [
      {
        "ticker": "NPXYY",
        "action": "Long",
        "allocation_usd": 10000,
        "sl_factor": 1.6,
        "z_score": 0.36,
        "prev_return_pct": null,
        "vol_ratio": 0.72,
        "ticker_group": "SMALL"
      },
      {
        "ticker": "UUGRY",
        "action": "Long",
        "allocation_usd": 10000,
        "sl_factor": 0.4,
        "z_score": 0.2,
        "prev_return_pct": null,
        "vol_ratio": 2.31,
        "ticker_group": "SMALL"
      },
      {
        "ticker": "RDEIY",
        "action": "Long",
        "allocation_usd": 10000,
        "sl_factor": 3.2,
        "z_score": 0.16,
        "prev_return_pct": null,
        "vol_ratio": 0.52,
        "ticker_group": "SMALL"
      }
    ],
    "M": [
      {
        "ticker": "UTHR",
        "action": "Long",
        "allocation_usd": 10000,
        "sl_factor": 3.2,
        "z_score": null,
        "prev_return_pct": 11.54,
        "vol_ratio": 1.18,
        "ticker_group": "SMALL"
      },
      {
        "ticker": "CAVA",
        "action": "Long",
        "allocation_usd": 10000,
        "sl_factor": 1.6,
        "z_score": null,
        "prev_return_pct": 9.06,
        "vol_ratio": 1.48,
        "ticker_group": "SMALL"
      },
      {
        "ticker": "LINE",
        "action": "Long",
        "allocation_usd": 10000,
        "sl_factor": 1.6,
        "z_score": null,
        "prev_return_pct": 8.5,
        "vol_ratio": 1.18,
        "ticker_group": "SMALL"
      }
    ]
  },
  "equity": {
    "A": [
      {
        "date": "2026-02-04",
        "equity": 10223.69
      },
      {
        "date": "2026-02-05",
        "equity": 10148.22
      },
      {
        "date": "2026-02-06",
        "equity": 10481.13
      },
      {
        "date": "2026-02-09",
        "equity": 10206.79
      },
      {
        "date": "2026-02-10",
        "equity": 10245.09
      },
      {
        "date": "2026-02-11",
        "equity": 10426.64
      },
      {
        "date": "2026-02-12",
        "equity": 10131.24
      },
      {
        "date": "2026-02-13",
        "equity": 10159.72
      },
      {
        "date": "2026-02-17",
        "equity": 10320.54
      },
      {
        "date": "2026-02-18",
        "equity": 9739.3
      },
      {
        "date": "2026-02-19",
        "equity": 9758.81
      },
      {
        "date": "2026-02-20",
        "equity": 9954.86
      },
      {
        "date": "2026-02-23",
        "equity": 10139.63
      },
      {
        "date": "2026-02-24",
        "equity": 10144.94
      },
      {
        "date": "2026-02-25",
        "equity": 10307.57
      }
    ],
    "B": [
      {
        "date": "2026-02-04",
        "equity": 9854.95
      },
      {
        "date": "2026-02-05",
        "equity": 9611.16
      },
      {
        "date": "2026-02-06",
        "equity": 9423.96
      },
      {
        "date": "2026-02-09",
        "equity": 9525.54
      },
      {
        "date": "2026-02-10",
        "equity": 9881.98
      },
      {
        "date": "2026-02-11",
        "equity": 9875.26
      },
      {
        "date": "2026-02-12",
        "equity": 9624.72
      },
      {
        "date": "2026-02-13",
        "equity": 9382.86
      },
      {
        "date": "2026-02-17",
        "equity": 8656.33
      },
      {
        "date": "2026-02-18",
        "equity": 8728.65
      },
      {
        "date": "2026-02-19",
        "equity": 8883.86
      },
      {
        "date": "2026-02-20",
        "equity": 8920.06
      },
      {
        "date": "2026-02-23",
        "equity": 9108.93
      },
      {
        "date": "2026-02-24",
        "equity": 8561.84
      },
      {
        "date": "2026-02-25",
        "equity": 8258.26
      }
    ],
    "V": [
      {
        "date": "2026-02-04",
        "equity": 9799.16
      },
      {
        "date": "2026-02-05",
        "equity": 9920.44
      },
      {
        "date": "2026-02-06",
        "equity": 10105.91
      },
      {
        "date": "2026-02-09",
        "equity": 10444.34
      },
      {
        "date": "2026-02-10",
        "equity": 10165.12
      },
      {
        "date": "2026-02-11",
        "equity": 10110.51
      },
      {
        "date": "2026-02-12",
        "equity": 9492.59
      },
      {
        "date": "2026-02-13",
        "equity": 11144.28
      },
      {
        "date": "2026-02-17",
        "equity": 11266.36
      },
      {
        "date": "2026-02-18",
        "equity": 10874.48
      },
      {
        "date": "2026-02-19",
        "equity": 12068.94
      },
      {
        "date": "2026-02-20",