{
  "timestamp": "2026-03-14T23:19:07.556248",
  "strategies": {
    "A": {
      "name": "Mean Reversion",
      "metrics": {
        "total_profit": 987.6999999999999,
        "total_return_pct": 9.876999999999999,
        "num_trades": 84,
        "win_rate": 60.71428571428571,
        "avg_win": 97.10098039215686,
        "avg_loss": -120.13484848484848,
        "sharpe_ratio": 1.381941516168838,
        "max_drawdown_pct": 7.184918275878832,
        "profit_factor": 0.8082665572629688
      }
    },
    "B": {
      "name": "Volume Breakout",
      "metrics": {
        "total_profit": -3709.14,
        "total_return_pct": -37.09139999999999,
        "num_trades": 84,
        "win_rate": 38.095238095238095,
        "avg_win": 135.963125,
        "avg_loss": -154.99923076923076,
        "sharpe_ratio": -3.902662986802704,
        "max_drawdown_pct": 41.761976619313295,
        "profit_factor": 0.877185804892332
      }
    },
    "V": {
      "name": "Trend Breakout",
      "metrics": {
        "total_profit": 1828.0000000000002,
        "total_return_pct": 18.28,
        "num_trades": 84,
        "win_rate": 57.14285714285714,
        "avg_win": 160.10541666666668,
        "avg_loss": -162.69611111111112,
        "sharpe_ratio": 1.4259597418235543,
        "max_drawdown_pct": 14.471824141647971,
        "profit_factor": 0.984076482057551
      }
    },
    "M": {
      "name": "Momentum",
      "metrics": {
        "total_profit": 4982.6900000000005,
        "total_return_pct": 49.82690000000001,
        "num_trades": 68,
        "win_rate": 44.11764705882353,
        "avg_win": 448.64066666666673,
        "avg_loss": -223.06657894736838,
        "sharpe_ratio": 2.538683710419198,
        "max_drawdown_pct": 15.35557270486996,
        "profit_factor": 2.0112410778152543
      }
    }
  },
  "signals": {
    "A": [
      {
        "ticker": "BAESY",
        "action": "Long",
        "allocation_usd": 10000,
        "sl_factor": 0.6,
        "z_score": 0.15,
        "prev_return_pct": null,
        "vol_ratio": 0.72,
        "ticker_group": "BIG + ETF"
      },
      {
        "ticker": "SO",
        "action": "Long",
        "allocation_usd": 10000,
        "sl_factor": 0.8,
        "z_score": 0.08,
        "prev_return_pct": null,
        "vol_ratio": 1.15,
        "ticker_group": "BIG + ETF"
      },
      {
        "ticker": "DUK",
        "action": "Long",
        "allocation_usd": 10000,
        "sl_factor": 3.2,
        "z_score": 0.07,
        "prev_return_pct": null,
        "vol_ratio": 1.16,
        "ticker_group": "BIG + ETF"
      }
    ],
    "B": [
      {
        "ticker": "CFRUY",
        "action": "Short",
        "allocation_usd": 10000,
        "sl_factor": 3.2,
        "z_score": 0.14,
        "prev_return_pct": null,
        "vol_ratio": 1.91,
        "ticker_group": "BIG + ETF"
      },
      {
        "ticker": "CARR",
        "action": "Short",
        "allocation_usd": 10000,
        "sl_factor": 0.4,
        "z_score": 0.08,
        "prev_return_pct": null,
        "vol_ratio": 1.53,
        "ticker_group": "BIG + ETF"
      },
      {
        "ticker": "TDG",
        "action": "Short",
        "allocation_usd": 10000,
        "sl_factor": 0.4,
        "z_score": 0.07,
        "prev_return_pct": null,
        "vol_ratio": 1.82,
        "ticker_group": "BIG + ETF"
      }
    ],
    "V": [
      {
        "ticker": "BZLFY",
        "action": "Long",
        "allocation_usd": 10000,
        "sl_factor": 3.2,
        "z_score": 0.14,
        "prev_return_pct": null,
        "vol_ratio": 0.16,
        "ticker_group": "SMALL"
      },
      {
        "ticker": "FRHC",
        "action": "Long",
        "allocation_usd": 10000,
        "sl_factor": 0.6,
        "z_score": 0.09,
        "prev_return_pct": null,
        "vol_ratio": 0.64,
        "ticker_group": "SMALL"
      },
      {
        "ticker": "COKE",
        "action": "Long",
        "allocation_usd": 10000,
        "sl_factor": 1.6,
        "z_score": 0.08,
        "prev_return_pct": null,
        "vol_ratio": 1.36,
        "ticker_group": "SMALL"
      }
    ],
    "M": [
      {
        "ticker": "PMDIY",
        "action": "Long",
        "allocation_usd": 10000,
        "sl_factor": 0.4,
        "z_score": null,
        "prev_return_pct": 13.43,
        "vol_ratio": 4.58,
        "ticker_group": "SMALL"
      },
      {
        "ticker": "CRDO",
        "action": "Long",
        "allocation_usd": 10000,
        "sl_factor": 3.2,
        "z_score": null,
        "prev_return_pct": 4.13,
        "vol_ratio": 0.85,
        "ticker_group": "SMALL"
      },
      {
        "ticker": "DUOL",
        "action": "Long",
        "allocation_usd": 10000,
        "sl_factor": 0.6,
        "z_score": null,
        "prev_return_pct": 3.3,
        "vol_ratio": 0.58,
        "ticker_group": "SMALL"
      }
    ]
  },
  "equity": {
    "A": [
      {
        "date": "2026-02-04",
        "equity": 10223.69
      },
      {
        "date": "2026-02-05",
        "equity": 10148.22
      },
      {
        "date": "2026-02-06",
        "equity": 10481.13
      },
      {
        "date": "2026-02-09",
        "equity": 10206.79
      },
      {
        "date": "2026-02-10",
        "equity": 10245.09
      },
      {
        "date": "2026-02-11",
        "equity": 10426.64
      },
      {
        "date": "2026-02-12",
        "equity": 10131.24
      },
      {
        "date": "2026-02-13",
        "equity": 10159.72
      },
      {
        "date": "2026-02-17",
        "equity": 10320.54
      },
      {
        "date": "2026-02-18",
        "equity": 9739.3
      },
      {
        "date": "2026-02-19",
        "equity": 9758.81
      },
      {
        "date": "2026-02-20",
        "equity": 9954.86
      },
      {
        "date": "2026-02-23",
        "equity": 10139.63
      },
      {
        "date": "2026-02-24",
        "equity": 10144.94
      },
      {
        "date": "2026-02-25",
        "equity": 10307.57
      },
      {
        "date": "2026-02-26",
        "equity": 10100.67
      },
      {
        "date": "2026-02-27",
        "equity": 9894.49
      },
      {
        "date": "2026-03-02",
        "equity": 10268.6
      },
      {
        "date": "2026-03-03",
        "equity": 10666.57
      },
      {
        "date": "2026-03-04",
        "equity": 10929.57
      },
      {
        "date": "2026-03-05",
        "equity": 10829.24
      },
      {
        "date": "2026-03-06",
        "equity": 11313.46
      },
      {
        "date": "2026-03-09",
        "equity": 11729.39
      },
      {
        "date": "2026-03-10",
        "equity": 11335.64
      },
      {
        "date": "2026-03-11",
        "equity": 11346.45
      },
      {
        "date": "2026-03-12",
        "equity": 11241.56
      },
      {
        "date": "2026-03-13",
        "equity": 10987.7
      }
    ],
    "B": [
      {
        "date": "2026-02-04",
        "equity": 9854.95
      },
      {
        "date": "2026-02-05",
        "equity": 9611.16
      },
      {
        "date": "2026-02-06",
        "equity": 9423.96
      },
      {
        "date": "2026-02-09",
        "equity": 9525.54
      },
      {
        "date": "2026-02-10",
        "equity": 9881.98
      },
      {
        "date": "2026-02-11",
        "equity": 9875.26
      },
      {
        "date": "2026-02-12",
        "equity": 9624.72
      },
      {
        "date": "2026-02-13",
        "equity": 9382.86
      },
      {
        "date": "2026-02-17",
        "equity": 8656.33
      },
      {
        "date": "2026-02-18",
        "equity": 8728.65
      },
      {
        "date": "2026-02-19",
        "equity": 8883.86
      },
      {
        "date": "2026-02-20",
        "equity": 8920.06
      },
      {
        "date": "2026-02-23",
        "equity": 9108.93
      },
      {
        "date": "2026-02-24",
        "equity": 8561.84
      },
      {
        "date": "2026-02-25",