{
  "timestamp": "2026-03-04T23:21:47.123795",
  "strategies": {
    "A": {
      "name": "Mean Reversion",
      "metrics": {
        "total_profit": 929.5699999999999,
        "total_return_pct": 9.2957,
        "num_trades": 63,
        "win_rate": 61.904761904761905,
        "avg_win": 92.19128205128206,
        "avg_loss": -111.07875000000001,
        "sharpe_ratio": 1.8918132003245542,
        "max_drawdown_pct": 7.184918275878832,
        "profit_factor": 0.8299632652625462
      }
    },
    "B": {
      "name": "Volume Breakout",
      "metrics": {
        "total_profit": -3240.6999999999994,
        "total_return_pct": -32.40699999999999,
        "num_trades": 63,
        "win_rate": 36.507936507936506,
        "avg_win": 140.69695652173914,
        "avg_loss": -161.91825,
        "sharpe_ratio": -4.365522569566789,
        "max_drawdown_pct": 35.04887951885862,
        "profit_factor": 0.8689382235896147
      }
    },
    "V": {
      "name": "Trend Breakout",
      "metrics": {
        "total_profit": 2726.34,
        "total_return_pct": 27.263399999999997,
        "num_trades": 63,
        "win_rate": 57.14285714285714,
        "avg_win": 172.3491666666667,
        "avg_loss": -128.82333333333335,
        "sharpe_ratio": 2.786117532809097,
        "max_drawdown_pct": 9.11259112591126,
        "profit_factor": 1.3378722798664837
      }
    },
    "M": {
      "name": "Momentum",
      "metrics": {
        "total_profit": 7262.88,
        "total_return_pct": 72.6288,
        "num_trades": 52,
        "win_rate": 48.07692307692308,
        "avg_win": 505.2148,
        "avg_loss": -198.79592592592593,
        "sharpe_ratio": 4.601393390539696,
        "max_drawdown_pct": 9.43957064840574,
        "profit_factor": 2.541374012806731
      }
    }
  },
  "signals": {
    "A": [
      {
        "ticker": "AXON",
        "action": "Long",
        "allocation_usd": 10000,
        "sl_factor": 1.6,
        "z_score": 0.08,
        "prev_return_pct": null,
        "vol_ratio": 0.82,
        "ticker_group": "BIG + ETF"
      },
      {
        "ticker": "DUK",
        "action": "Long",
        "allocation_usd": 10000,
        "sl_factor": 3.2,
        "z_score": 0.07,
        "prev_return_pct": null,
        "vol_ratio": 0.74,
        "ticker_group": "BIG + ETF"
      },
      {
        "ticker": "PWR",
        "action": "Long",
        "allocation_usd": 10000,
        "sl_factor": 1.6,
        "z_score": 0.05,
        "prev_return_pct": null,
        "vol_ratio": 0.86,
        "ticker_group": "BIG + ETF"
      }
    ],
    "B": [
      {
        "ticker": "TGT",
        "action": "Long",
        "allocation_usd": 10000,
        "sl_factor": 0.4,
        "z_score": 0.14,
        "prev_return_pct": null,
        "vol_ratio": 2.34,
        "ticker_group": "BIG + ETF"
      },
      {
        "ticker": "MUFG",
        "action": "Long",
        "allocation_usd": 10000,
        "sl_factor": 3.2,
        "z_score": 0.13,
        "prev_return_pct": null,
        "vol_ratio": 1.66,
        "ticker_group": "BIG + ETF"
      },
      {
        "ticker": "AMX",
        "action": "Short",
        "allocation_usd": 10000,
        "sl_factor": 0.4,
        "z_score": 0.12,
        "prev_return_pct": null,
        "vol_ratio": 1.5,
        "ticker_group": "BIG + ETF"
      }
    ],
    "V": [
      {
        "ticker": "THC",
        "action": "Long",
        "allocation_usd": 10000,
        "sl_factor": 1.6,
        "z_score": 0.12,
        "prev_return_pct": null,
        "vol_ratio": 1.01,
        "ticker_group": "SMALL"
      },
      {
        "ticker": "BSY",
        "action": "Long",
        "allocation_usd": 10000,
        "sl_factor": 1.6,
        "z_score": 0.11,
        "prev_return_pct": null,
        "vol_ratio": 0.69,
        "ticker_group": "SMALL"
      },
      {
        "ticker": "IOT",
        "action": "Long",
        "allocation_usd": 10000,
        "sl_factor": 3.2,
        "z_score": 0.11,
        "prev_return_pct": null,
        "vol_ratio": 0.79,
        "ticker_group": "SMALL"
      }
    ],
    "M": [
      {
        "ticker": "GLXY",
        "action": "Long",
        "allocation_usd": 10000,
        "sl_factor": 3.2,
        "z_score": null,
        "prev_return_pct": 11.81,
        "vol_ratio": 0.51,
        "ticker_group": "SMALL"
      },
      {
        "ticker": "ASTS",
        "action": "Long",
        "allocation_usd": 10000,
        "sl_factor": 1.6,
        "z_score": null,
        "prev_return_pct": 10.41,
        "vol_ratio": 1.54,
        "ticker_group": "SMALL"
      },
      {
        "ticker": "NBIS",
        "action": "Long",
        "allocation_usd": 10000,
        "sl_factor": 0.8,
        "z_score": null,
        "prev_return_pct": 8.16,
        "vol_ratio": 0.72,
        "ticker_group": "SMALL"
      }
    ]
  },
  "equity": {
    "A": [
      {
        "date": "2026-02-04",
        "equity": 10223.69
      },
      {
        "date": "2026-02-05",
        "equity": 10148.22
      },
      {
        "date": "2026-02-06",
        "equity": 10481.13
      },
      {
        "date": "2026-02-09",
        "equity": 10206.79
      },
      {
        "date": "2026-02-10",
        "equity": 10245.09
      },
      {
        "date": "2026-02-11",
        "equity": 10426.64
      },
      {
        "date": "2026-02-12",
        "equity": 10131.24
      },
      {
        "date": "2026-02-13",
        "equity": 10159.72
      },
      {
        "date": "2026-02-17",
        "equity": 10320.54
      },
      {
        "date": "2026-02-18",
        "equity": 9739.3
      },
      {
        "date": "2026-02-19",
        "equity": 9758.81
      },
      {
        "date": "2026-02-20",
        "equity": 9954.86
      },
      {
        "date": "2026-02-23",
        "equity": 10139.63
      },
      {
        "date": "2026-02-24",
        "equity": 10144.94
      },
      {
        "date": "2026-02-25",
        "equity": 10307.57
      },
      {
        "date": "2026-02-26",
        "equity": 10100.67
      },
      {
        "date": "2026-02-27",
        "equity": 9894.49
      },
      {
        "date": "2026-03-02",
        "equity": 10268.6
      },
      {
        "date": "2026-03-03",
        "equity": 10666.57
      },
      {
        "date": "2026-03-04",
        "equity": 10929.57
      }
    ],
    "B": [
      {
        "date": "2026-02-04",
        "equity": 9854.95
      },
      {
        "date": "2026-02-05",
        "equity": 9611.16
      },
      {
        "date": "2026-02-06",
        "equity": 9423.96
      },
      {
        "date": "2026-02-09",
        "equity": 9525.54
      },
      {
        "date": "2026-02-10",
        "equity": 9881.98
      },
      {
        "date": "2026-02-11",
        "equity": 9875.26
      },
      {
        "date": "2026-02-12",
        "equity": 9624.72
      },
      {
        "date": "2026-02-13",
        "equity": 9382.86
      },
      {
        "date": "2026-02-17",
        "equity": 8656.33
      },
      {
        "date": "2026-02-18",
        "equity": 8728.65
      },
      {
        "date": "2026-02-19",
        "equity": 8883.86
      },
      {
        "date": "2026-02-20",
        "equity": 8920.06
      },
      {
        "date": "2026-02-23",
        "equity": 9108.93
      },
      {
        "date": "2026-02-24",
        "equity": 8561.84
      },
      {
        "date": "2026-02-25",
        "equity": 8258.26
      },
      {
        "date": "2026-02-26",
        "equity": 8142.34
      },
      {
        "date": "2026-02-27",
        "equity": 7770.65
      },
      {
        "date": "2026-03-02",
        "equity": 7326.24
      },
      {
        "date": "2026-03-03",
        "equity": 6568.26
      },
      {
        "date": "2026-03-04",
        "equity": 6759.3
      }
    ],
    "V": [
      {
        "date": "2026-02-04",
        "equity": 9799.16
      },
      {
        "date": "2026-02-05",