{
  "timestamp": "2026-02-04T20:58:20.358032",
  "strategies": {
    "A": {
      "name": "Mean Reversion",
      "metrics": {
        "total_profit": 213.8,
        "total_return_pct": 2.138,
        "num_trades": 3,
        "win_rate": 66.66666666666666,
        "avg_win": 107.9,
        "avg_loss": -2.0,
        "sharpe_ratio": 21.388743332103555,
        "max_drawdown_pct": 0.019577517179271326,
        "profit_factor": 53.95
      }
    },
    "B": {
      "name": "Volume Breakout",
      "metrics": {
        "total_profit": -175.89999999999998,
        "total_return_pct": -1.759,
        "num_trades": 3,
        "win_rate": 33.33333333333333,
        "avg_win": 39.31,
        "avg_loss": -107.60499999999999,
        "sharpe_ratio": -13.37966062221929,
        "max_drawdown_pct": 1.1634107129562687,
        "profit_factor": 0.3653175967659496
      }
    },
    "V": {
      "name": "Trend Breakout",
      "metrics": {
        "total_profit": -164.3,
        "total_return_pct": -1.643,
        "num_trades": 3,
        "win_rate": 33.33333333333333,
        "avg_win": 26.16,
        "avg_loss": -95.22999999999999,
        "sharpe_ratio": -15.173855653618745,
        "max_drawdown_pct": 1.8996305664381892,
        "profit_factor": 0.2747033497847317
      }
    },
    "M": {
      "name": "Momentum",
      "metrics": {
        "total_profit": 910.61,
        "total_return_pct": 9.1061,
        "num_trades": 3,
        "win_rate": 33.33333333333333,
        "avg_win": 1203.97,
        "avg_loss": -146.68,
        "sharpe_ratio": 7.440904248647723,
        "max_drawdown_pct": 2.600971079194095,
        "profit_factor": 8.208140169075538
      }
    }
  },
  "signals": {
    "A": [
      {
        "ticker": "AAPL",
        "action": "Long",
        "allocation_usd": 10000,
        "sl_factor": 3.2,
        "z_score": 0.18,
        "prev_return_pct": null,
        "vol_ratio": 1.18,
        "ticker_group": "BIG + ETF"
      },
      {
        "ticker": "CCEP",
        "action": "Long",
        "allocation_usd": 10000,
        "sl_factor": 1.6,
        "z_score": 0.17,
        "prev_return_pct": null,
        "vol_ratio": 1.4,
        "ticker_group": "BIG + ETF"
      },
      {
        "ticker": "CM",
        "action": "Long",
        "allocation_usd": 10000,
        "sl_factor": 3.2,
        "z_score": 0.16,
        "prev_return_pct": null,
        "vol_ratio": 0.78,
        "ticker_group": "BIG + ETF"
      }
    ],
    "B": [
      {
        "ticker": "RELX",
        "action": "Long",
        "allocation_usd": 10000,
        "sl_factor": 0.4,
        "z_score": 0.19,
        "prev_return_pct": null,
        "vol_ratio": 2.54,
        "ticker_group": "BIG + ETF"
      },
      {
        "ticker": "MSCI",
        "action": "Short",
        "allocation_usd": 10000,
        "sl_factor": 0.4,
        "z_score": 0.16,
        "prev_return_pct": null,
        "vol_ratio": 2.19,
        "ticker_group": "BIG + ETF"
      },
      {
        "ticker": "CME",
        "action": "Long",
        "allocation_usd": 10000,
        "sl_factor": 0.6,
        "z_score": 0.15,
        "prev_return_pct": null,
        "vol_ratio": 1.82,
        "ticker_group": "BIG + ETF"
      }
    ],
    "V": [
      {
        "ticker": "CRRFY",
        "action": "Long",
        "allocation_usd": 10000,
        "sl_factor": 1.6,
        "z_score": 0.15,
        "prev_return_pct": null,
        "vol_ratio": 0.68,
        "ticker_group": "SMALL"
      },
      {
        "ticker": "ASR",
        "action": "Long",
        "allocation_usd": 10000,
        "sl_factor": 0.4,
        "z_score": 0.1,
        "prev_return_pct": null,
        "vol_ratio": 1.29,
        "ticker_group": "SMALL"
      },
      {
        "ticker": "HNGKY",
        "action": "Long",
        "allocation_usd": 10000,
        "sl_factor": 0.4,
        "z_score": 0.08,
        "prev_return_pct": null,
        "vol_ratio": 0.55,
        "ticker_group": "SMALL"
      }
    ],
    "M": [
      {
        "ticker": "CKHGF",
        "action": "Long",
        "allocation_usd": 10000,
        "sl_factor": 0.4,
        "z_score": null,
        "prev_return_pct": 34.43,
        "vol_ratio": 1.0,
        "ticker_group": "SMALL"
      },
      {
        "ticker": "FTV",
        "action": "Long",
        "allocation_usd": 10000,
        "sl_factor": 3.2,
        "z_score": null,
        "prev_return_pct": 12.09,
        "vol_ratio": 1.65,
        "ticker_group": "SMALL"
      },
      {
        "ticker": "NJDCY",
        "action": "Long",
        "allocation_usd": 10000,
        "sl_factor": 0.4,
        "z_score": null,
        "prev_return_pct": 10.28,
        "vol_ratio": 0.28,
        "ticker_group": "SMALL"
      }
    ]
  },
  "equity": {
    "A": [
      10213.8
    ],
    "B": [
      9824.1
    ],
    "V": [
      9835.7
    ],
    "M": [
      9706.64,
      10910.61
    ]
  }
}