{
  "timestamp": "2026-04-13T23:35:49.981136",
  "strategies": {
    "A": {
      "name": "Mean Reversion",
      "metrics": {
        "total_profit": 1717.2699999999995,
        "total_return_pct": 17.172699999999995,
        "num_trades": 144,
        "win_rate": 58.333333333333336,
        "avg_win": 114.30642857142857,
        "avg_loss": -131.40783333333334,
        "sharpe_ratio": 1.177981713462541,
        "max_drawdown_pct": 15.742980477230798,
        "profit_factor": 0.8698600811830997
      }
    },
    "B": {
      "name": "Volume Breakout",
      "metrics": {
        "total_profit": -3853.27,
        "total_return_pct": -38.5327,
        "num_trades": 146,
        "win_rate": 38.35616438356164,
        "avg_win": 141.64517857142857,
        "avg_loss": -130.94888888888886,
        "sharpe_ratio": -2.393091506185635,
        "max_drawdown_pct": 43.95942891159759,
        "profit_factor": 1.0816829357873787
      }
    },
    "V": {
      "name": "Trend Breakout",
      "metrics": {
        "total_profit": 2351.3500000000004,
        "total_return_pct": 23.513500000000004,
        "num_trades": 147,
        "win_rate": 53.06122448979592,
        "avg_win": 148.42256410256408,
        "avg_loss": -133.70449275362319,
        "sharpe_ratio": 1.1992957729747131,
        "max_drawdown_pct": 23.112774116025523,
        "profit_factor": 1.1100791083816595
      }
    },
    "M": {
      "name": "Momentum",
      "metrics": {
        "total_profit": 9354.83,
        "total_return_pct": 93.5483,
        "num_trades": 127,
        "win_rate": 46.45669291338583,
        "avg_win": 462.1501694915255,
        "avg_loss": -263.41220588235296,
        "sharpe_ratio": 2.33574642705156,
        "max_drawdown_pct": 32.70445190427066,
        "profit_factor": 1.7544751502439273
      }
    }
  },
  "signals": {
    "A": [
      {
        "ticker": "GEV",
        "action": "Long",
        "allocation_usd": 10000,
        "sl_factor": 3.2,
        "z_score": 0.25,
        "prev_return_pct": null,
        "vol_ratio": 0.85,
        "ticker_group": "BIG + ETF"
      },
      {
        "ticker": "RY",
        "action": "Long",
        "allocation_usd": 10000,
        "sl_factor": 0.8,
        "z_score": 0.2,
        "prev_return_pct": null,
        "vol_ratio": 0.84,
        "ticker_group": "BIG + ETF"
      },
      {
        "ticker": "AAPL",
        "action": "Long",
        "allocation_usd": 10000,
        "sl_factor": 3.2,
        "z_score": 0.18,
        "prev_return_pct": null,
        "vol_ratio": 0.77,
        "ticker_group": "BIG + ETF"
      }
    ],
    "B": [
      {
        "ticker": "FTNT",
        "action": "Short",
        "allocation_usd": 10000,
        "sl_factor": 1.6,
        "z_score": 0.11,
        "prev_return_pct": null,
        "vol_ratio": 1.97,
        "ticker_group": "BIG + ETF"
      },
      {
        "ticker": "NET",
        "action": "Short",
        "allocation_usd": 10000,
        "sl_factor": 0.4,
        "z_score": 0.11,
        "prev_return_pct": null,
        "vol_ratio": 3.11,
        "ticker_group": "BIG + ETF"
      },
      {
        "ticker": "PANW",
        "action": "Short",
        "allocation_usd": 10000,
        "sl_factor": 0.6,
        "z_score": 0.1,
        "prev_return_pct": null,
        "vol_ratio": 1.85,
        "ticker_group": "BIG + ETF"
      }
    ],
    "V": [
      {
        "ticker": "ARNNY",
        "action": "Long",
        "allocation_usd": 10000,
        "sl_factor": 1.6,
        "z_score": 0.29,
        "prev_return_pct": null,
        "vol_ratio": 0.36,
        "ticker_group": "SMALL"
      },
      {
        "ticker": "SOTGY",
        "action": "Long",
        "allocation_usd": 10000,
        "sl_factor": 1.6,
        "z_score": 0.25,
        "prev_return_pct": null,
        "vol_ratio": 0.1,
        "ticker_group": "SMALL"
      },
      {
        "ticker": "UUGRY",
        "action": "Long",
        "allocation_usd": 10000,
        "sl_factor": 3.2,
        "z_score": 0.19,
        "prev_return_pct": null,
        "vol_ratio": 0.28,
        "ticker_group": "SMALL"
      }
    ],
    "M": [
      {
        "ticker": "RBRK",
        "action": "Long",
        "allocation_usd": 10000,
        "sl_factor": 0.8,
        "z_score": null,
        "prev_return_pct": 10.38,
        "vol_ratio": 1.46,
        "ticker_group": "SMALL"
      },
      {
        "ticker": "OKLO",
        "action": "Long",
        "allocation_usd": 10000,
        "sl_factor": 0.4,
        "z_score": null,
        "prev_return_pct": 10.08,
        "vol_ratio": 0.85,
        "ticker_group": "SMALL"
      },
      {
        "ticker": "AVAV",
        "action": "Long",
        "allocation_usd": 10000,
        "sl_factor": 0.8,
        "z_score": null,
        "prev_return_pct": 9.81,
        "vol_ratio": 0.7,
        "ticker_group": "SMALL"
      }
    ]
  },
  "equity": {
    "A": [
      {
        "date": "2026-02-04",
        "equity": 10223.69
      },
      {
        "date": "2026-02-05",
        "equity": 10148.22
      },
      {
        "date": "2026-02-06",
        "equity": 10481.13
      },
      {
        "date": "2026-02-09",
        "equity": 10206.79
      },
      {
        "date": "2026-02-10",
        "equity": 10245.09
      },
      {
        "date": "2026-02-11",
        "equity": 10426.64
      },
      {
        "date": "2026-02-12",
        "equity": 10131.24
      },
      {
        "date": "2026-02-13",
        "equity": 10159.72
      },
      {
        "date": "2026-02-17",
        "equity": 10320.54
      },
      {
        "date": "2026-02-18",
        "equity": 9739.3
      },
      {
        "date": "2026-02-19",
        "equity": 9758.81
      },
      {
        "date": "2026-02-20",
        "equity": 9954.86
      },
      {
        "date": "2026-02-23",
        "equity": 10139.63
      },
      {
        "date": "2026-02-24",
        "equity": 10144.94
      },
      {
        "date": "2026-02-25",
        "equity": 10307.57
      },
      {
        "date": "2026-02-26",
        "equity": 10100.67
      },
      {
        "date": "2026-02-27",
        "equity": 9894.49
      },
      {
        "date": "2026-03-02",
        "equity": 10268.6
      },
      {
        "date": "2026-03-03",
        "equity": 10666.57
      },
      {
        "date": "2026-03-04",
        "equity": 10929.57
      },
      {
        "date": "2026-03-05",
        "equity": 10829.24
      },
      {
        "date": "2026-03-06",
        "equity": 11313.46
      },
      {
        "date": "2026-03-09",
        "equity": 11729.39
      },
      {
        "date": "2026-03-10",
        "equity": 11335.64
      },
      {
        "date": "2026-03-11",
        "equity": 11346.45
      },
      {
        "date": "2026-03-12",
        "equity": 11241.56
      },
      {
        "date": "2026-03-13",
        "equity": 10987.7
      },
      {
        "date": "2026-03-16",
        "equity": 11084.47
      },
      {
        "date": "2026-03-17",
        "equity": 10884.17
      },
      {
        "date": "2026-03-18",
        "equity": 10460.28
      },
      {
        "date": "2026-03-19",
        "equity": 10596.0
      },
      {
        "date": "2026-03-20",
        "equity": 9927.28
      },
      {
        "date": "2026-03-23",
        "equity": 10602.74
      },
      {
        "date": "2026-03-24",
        "equity": 11336.53
      },
      {
        "date": "2026-03-25",
        "equity": 11151.9
      },
      {
        "date": "2026-03-26",
        "equity": 10766.33
      },
      {
        "date": "2026-03-27",
        "equity": 10559.82
      },
      {
        "date": "2026-03-30",
        "equity": 10410.55
      },
      {
        "date": "2026-03-31",
        "equity": 10162.26
      },
      {
        "date": "2026-04-01",
        "equity": 10151.67
      },
      {
        "date": "2026-04-02",
        "equity": 10942.7
      },
      {
        "date": "2026-04-06",