{
  "timestamp": "2026-02-05T17:57:52.113747",
  "strategies": {
    "A": {
      "name": "Mean Reversion",
      "metrics": {
        "total_profit": 868.21,
        "total_return_pct": 8.6821,
        "num_trades": 12,
        "win_rate": 58.333333333333336,
        "avg_win": 169.14714285714282,
        "avg_loss": -63.164,
        "sharpe_ratio": 9.429728595790454,
        "max_drawdown_pct": 1.1972997654962962,
        "profit_factor": 2.6779042311624157
      }
    },
    "B": {
      "name": "Volume Breakout",
      "metrics": {
        "total_profit": -444.33,
        "total_return_pct": -4.4433,
        "num_trades": 12,
        "win_rate": 25.0,
        "avg_win": 167.45333333333332,
        "avg_loss": -105.18777777777778,
        "sharpe_ratio": -3.9696350277201535,
        "max_drawdown_pct": 8.453865711835602,
        "profit_factor": 1.591946677370628
      }
    },
    "V": {
      "name": "Trend Breakout",
      "metrics": {
        "total_profit": -760.09,
        "total_return_pct": -7.600900000000001,
        "num_trades": 12,
        "win_rate": 8.333333333333332,
        "avg_win": 54.64,
        "avg_loss": -74.06636363636363,
        "sharpe_ratio": -18.15241520150444,
        "max_drawdown_pct": 7.582416483296662,
        "profit_factor": 0.7377167896112823
      }
    },
    "M": {
      "name": "Momentum",
      "metrics": {
        "total_profit": 4582.73,
        "total_return_pct": 45.827299999999994,
        "num_trades": 10,
        "win_rate": 60.0,
        "avg_win": 877.0950000000001,
        "avg_loss": -169.96,
        "sharpe_ratio": 12.803541241410223,
        "max_drawdown_pct": 3.5250972104535165,
        "profit_factor": 5.160596610967287
      }
    }
  },
  "signals": {
    "A": [
      {
        "ticker": "CM",
        "action": "Long",
        "allocation_usd": 10000,
        "sl_factor": 3.2,
        "z_score": 0.16,
        "prev_return_pct": null,
        "vol_ratio": 0.6,
        "ticker_group": "BIG + ETF"
      },
      {
        "ticker": "SMFG",
        "action": "Long",
        "allocation_usd": 10000,
        "sl_factor": 0.8,
        "z_score": 0.16,
        "prev_return_pct": null,
        "vol_ratio": 1.59,
        "ticker_group": "BIG + ETF"
      },
      {
        "ticker": "AMP",
        "action": "Long",
        "allocation_usd": 10000,
        "sl_factor": 0.6,
        "z_score": 0.09,
        "prev_return_pct": null,
        "vol_ratio": 1.69,
        "ticker_group": "BIG + ETF"
      }
    ],
    "B": [
      {
        "ticker": "ORLY",
        "action": "Short",
        "allocation_usd": 10000,
        "sl_factor": 3.2,
        "z_score": 0.2,
        "prev_return_pct": null,
        "vol_ratio": 1.64,
        "ticker_group": "BIG + ETF"
      },
      {
        "ticker": "RELX",
        "action": "Long",
        "allocation_usd": 10000,
        "sl_factor": 0.4,
        "z_score": 0.19,
        "prev_return_pct": null,
        "vol_ratio": 2.06,
        "ticker_group": "BIG + ETF"
      },
      {
        "ticker": "AAPL",
        "action": "Long",
        "allocation_usd": 10000,
        "sl_factor": 0.8,
        "z_score": 0.18,
        "prev_return_pct": null,
        "vol_ratio": 1.6,
        "ticker_group": "BIG + ETF"
      }
    ],
    "V": [
      {
        "ticker": "RSHGY",
        "action": "Long",
        "allocation_usd": 10000,
        "sl_factor": 1.6,
        "z_score": 0.34,
        "prev_return_pct": null,
        "vol_ratio": 0.43,
        "ticker_group": "SMALL"
      },
      {
        "ticker": "UUGRY",
        "action": "Long",
        "allocation_usd": 10000,
        "sl_factor": 0.4,
        "z_score": 0.19,
        "prev_return_pct": null,
        "vol_ratio": 1.11,
        "ticker_group": "SMALL"
      },
      {
        "ticker": "CRRFY",
        "action": "Long",
        "allocation_usd": 10000,
        "sl_factor": 1.6,
        "z_score": 0.15,
        "prev_return_pct": null,
        "vol_ratio": 1.33,
        "ticker_group": "SMALL"
      }
    ],
    "M": [
      {
        "ticker": "CKHGF",
        "action": "Long",
        "allocation_usd": 10000,
        "sl_factor": 0.4,
        "z_score": null,
        "prev_return_pct": 34.43,
        "vol_ratio": 1.0,
        "ticker_group": "SMALL"
      },
      {
        "ticker": "COHR",
        "action": "Long",
        "allocation_usd": 10000,
        "sl_factor": 0.6,
        "z_score": null,
        "prev_return_pct": 15.49,
        "vol_ratio": 2.55,
        "ticker_group": "SMALL"
      },
      {
        "ticker": "MTSI",
        "action": "Long",
        "allocation_usd": 10000,
        "sl_factor": 3.2,
        "z_score": null,
        "prev_return_pct": 11.06,
        "vol_ratio": 1.51,
        "ticker_group": "SMALL"
      }
    ]
  },
  "equity": {
    "A": [
      {
        "date": "2026-02-04",
        "equity": 10895.35
      },
      {
        "date": "2026-02-05",
        "equity": 10868.21
      }
    ],
    "B": [
      {
        "date": "2026-02-04",
        "equity": 9229.01
      },
      {
        "date": "2026-02-05",
        "equity": 9555.67
      }
    ],
    "V": [
      {
        "date": "2026-02-04",
        "equity": 9397.48
      },
      {
        "date": "2026-02-05",
        "equity": 9239.91
      }
    ],
    "M": [
      {
        "date": "2026-02-04",
        "equity": 14775.37
      },
      {
        "date": "2026-02-05",
        "equity": 14582.73
      }
    ]
  }
}