{
  "timestamp": "2026-03-11T23:17:55.084938",
  "strategies": {
    "A": {
      "name": "Mean Reversion",
      "metrics": {
        "total_profit": 1346.4499999999996,
        "total_return_pct": 13.464499999999996,
        "num_trades": 78,
        "win_rate": 62.82051282051282,
        "avg_win": 99.1034693877551,
        "avg_loss": -121.02137931034486,
        "sharpe_ratio": 2.0259405847013303,
        "max_drawdown_pct": 7.184918275878832,
        "profit_factor": 0.8188922482333977
      }
    },
    "B": {
      "name": "Volume Breakout",
      "metrics": {
        "total_profit": -4038.3999999999996,
        "total_return_pct": -40.384,
        "num_trades": 78,
        "win_rate": 37.17948717948718,
        "avg_win": 126.07758620689656,
        "avg_loss": -157.03367346938774,
        "sharpe_ratio": -4.673708097705083,
        "max_drawdown_pct": 41.761976619313295,
        "profit_factor": 0.8028697502989651
      }
    },
    "V": {
      "name": "Trend Breakout",
      "metrics": {
        "total_profit": 2310.48,
        "total_return_pct": 23.1048,
        "num_trades": 78,
        "win_rate": 57.692307692307686,
        "avg_win": 160.36311111111112,
        "avg_loss": -148.66242424242427,
        "sharpe_ratio": 1.9711159589486502,
        "max_drawdown_pct": 9.360734628003279,
        "profit_factor": 1.0787064177670513
      }
    },
    "M": {
      "name": "Momentum",
      "metrics": {
        "total_profit": 5473.4800000000005,
        "total_return_pct": 54.73480000000001,
        "num_trades": 64,
        "win_rate": 45.3125,
        "avg_win": 460.8489655172414,
        "avg_loss": -225.46114285714285,
        "sharpe_ratio": 2.899765320247524,
        "max_drawdown_pct": 12.582863767277516,
        "profit_factor": 2.04402833977137
      }
    }
  },
  "signals": {
    "A": [
      {
        "ticker": "BAESY",
        "action": "Long",
        "allocation_usd": 10000,
        "sl_factor": 0.6,
        "z_score": 0.15,
        "prev_return_pct": null,
        "vol_ratio": 0.74,
        "ticker_group": "BIG + ETF"
      },
      {
        "ticker": "SBUX",
        "action": "Long",
        "allocation_usd": 10000,
        "sl_factor": 0.4,
        "z_score": 0.03,
        "prev_return_pct": null,
        "vol_ratio": 1.03,
        "ticker_group": "BIG + ETF"
      },
      {
        "ticker": "CRWD",
        "action": "Long",
        "allocation_usd": 10000,
        "sl_factor": 3.2,
        "z_score": 0.02,
        "prev_return_pct": null,
        "vol_ratio": 0.62,
        "ticker_group": "BIG + ETF"
      }
    ],
    "B": [
      {
        "ticker": "ORCL",
        "action": "Short",
        "allocation_usd": 10000,
        "sl_factor": 1.6,
        "z_score": 0.11,
        "prev_return_pct": null,
        "vol_ratio": 1.9,
        "ticker_group": "BIG + ETF"
      },
      {
        "ticker": "ECL",
        "action": "Short",
        "allocation_usd": 10000,
        "sl_factor": 0.8,
        "z_score": 0.05,
        "prev_return_pct": null,
        "vol_ratio": 1.58,
        "ticker_group": "BIG + ETF"
      },
      {
        "ticker": "VRTX",
        "action": "Long",
        "allocation_usd": 10000,
        "sl_factor": 1.6,
        "z_score": 0.04,
        "prev_return_pct": null,
        "vol_ratio": 2.19,
        "ticker_group": "BIG + ETF"
      }
    ],
    "V": [
      {
        "ticker": "BZLFY",
        "action": "Long",
        "allocation_usd": 10000,
        "sl_factor": 3.2,
        "z_score": 0.13,
        "prev_return_pct": null,
        "vol_ratio": 0.44,
        "ticker_group": "SMALL"
      },
      {
        "ticker": "HIMS",
        "action": "Long",
        "allocation_usd": 10000,
        "sl_factor": 0.8,
        "z_score": 0.12,
        "prev_return_pct": null,
        "vol_ratio": 2.78,
        "ticker_group": "SMALL"
      },
      {
        "ticker": "FRHC",
        "action": "Long",
        "allocation_usd": 10000,
        "sl_factor": 0.6,
        "z_score": 0.09,
        "prev_return_pct": null,
        "vol_ratio": 0.51,
        "ticker_group": "SMALL"
      }
    ],
    "M": [
      {
        "ticker": "CKHGF",
        "action": "Long",
        "allocation_usd": 10000,
        "sl_factor": 0.4,
        "z_score": null,
        "prev_return_pct": 99.64,
        "vol_ratio": 20.0,
        "ticker_group": "SMALL"
      },
      {
        "ticker": "HIMS",
        "action": "Long",
        "allocation_usd": 10000,
        "sl_factor": 0.4,
        "z_score": null,
        "prev_return_pct": 11.94,
        "vol_ratio": 2.78,
        "ticker_group": "SMALL"
      },
      {
        "ticker": "MOS",
        "action": "Long",
        "allocation_usd": 10000,
        "sl_factor": 1.6,
        "z_score": null,
        "prev_return_pct": 6.93,
        "vol_ratio": 1.08,
        "ticker_group": "SMALL"
      }
    ]
  },
  "equity": {
    "A": [
      {
        "date": "2026-02-04",
        "equity": 10223.69
      },
      {
        "date": "2026-02-05",
        "equity": 10148.22
      },
      {
        "date": "2026-02-06",
        "equity": 10481.13
      },
      {
        "date": "2026-02-09",
        "equity": 10206.79
      },
      {
        "date": "2026-02-10",
        "equity": 10245.09
      },
      {
        "date": "2026-02-11",
        "equity": 10426.64
      },
      {
        "date": "2026-02-12",
        "equity": 10131.24
      },
      {
        "date": "2026-02-13",
        "equity": 10159.72
      },
      {
        "date": "2026-02-17",
        "equity": 10320.54
      },
      {
        "date": "2026-02-18",
        "equity": 9739.3
      },
      {
        "date": "2026-02-19",
        "equity": 9758.81
      },
      {
        "date": "2026-02-20",
        "equity": 9954.86
      },
      {
        "date": "2026-02-23",
        "equity": 10139.63
      },
      {
        "date": "2026-02-24",
        "equity": 10144.94
      },
      {
        "date": "2026-02-25",
        "equity": 10307.57
      },
      {
        "date": "2026-02-26",
        "equity": 10100.67
      },
      {
        "date": "2026-02-27",
        "equity": 9894.49
      },
      {
        "date": "2026-03-02",
        "equity": 10268.6
      },
      {
        "date": "2026-03-03",
        "equity": 10666.57
      },
      {
        "date": "2026-03-04",
        "equity": 10929.57
      },
      {
        "date": "2026-03-05",
        "equity": 10829.24
      },
      {
        "date": "2026-03-06",
        "equity": 11313.46
      },
      {
        "date": "2026-03-09",
        "equity": 11729.39
      },
      {
        "date": "2026-03-10",
        "equity": 11335.64
      },
      {
        "date": "2026-03-11",
        "equity": 11346.45
      }
    ],
    "B": [
      {
        "date": "2026-02-04",
        "equity": 9854.95
      },
      {
        "date": "2026-02-05",
        "equity": 9611.16
      },
      {
        "date": "2026-02-06",
        "equity": 9423.96
      },
      {
        "date": "2026-02-09",
        "equity": 9525.54
      },
      {
        "date": "2026-02-10",
        "equity": 9881.98
      },
      {
        "date": "2026-02-11",
        "equity": 9875.26
      },
      {
        "date": "2026-02-12",
        "equity": 9624.72
      },
      {
        "date": "2026-02-13",
        "equity": 9382.86
      },
      {
        "date": "2026-02-17",
        "equity": 8656.33
      },
      {
        "date": "2026-02-18",
        "equity": 8728.65
      },
      {
        "date": "2026-02-19",
        "equity": 8883.86
      },
      {
        "date": "2026-02-20",
        "equity": 8920.06
      },
      {
        "date": "2026-02-23",
        "equity": 9108.93
      },
      {
        "date": "2026-02-24",
        "equity": 8561.84
      },
      {
        "date": "2026-02-25",
        "equity": 8258.26
      },
      {
        "date": "2026-02-26",
        "equity": 8142.34
      },
      {
        "date": "2026-02-27",