{
  "timestamp": "2026-04-03T23:25:11.259956",
  "strategies": {
    "A": {
      "name": "Mean Reversion",
      "metrics": {
        "total_profit": 942.6999999999996,
        "total_return_pct": 9.426999999999996,
        "num_trades": 126,
        "win_rate": 56.34920634920635,
        "avg_win": 117.16661971830986,
        "avg_loss": -134.11145454545454,
        "sharpe_ratio": 0.7153759915170695,
        "max_drawdown_pct": 15.742980477230798,
        "profit_factor": 0.8736510994935072
      }
    },
    "B": {
      "name": "Volume Breakout",
      "metrics": {
        "total_profit": -4100.6,
        "total_return_pct": -41.006,
        "num_trades": 129,
        "win_rate": 39.53488372093023,
        "avg_win": 131.9492156862745,
        "avg_loss": -138.84628205128206,
        "sharpe_ratio": -2.9442100613184827,
        "max_drawdown_pct": 43.95942891159759,
        "profit_factor": 0.9503258836814934
      }
    },
    "V": {
      "name": "Trend Breakout",
      "metrics": {
        "total_profit": 863.71,
        "total_return_pct": 8.6371,
        "num_trades": 129,
        "win_rate": 52.71317829457365,
        "avg_win": 147.09058823529412,
        "avg_loss": -149.81065573770493,
        "sharpe_ratio": 0.4891544075531501,
        "max_drawdown_pct": 23.112774116025523,
        "profit_factor": 0.9818432975343675
      }
    },
    "M": {
      "name": "Momentum",
      "metrics": {
        "total_profit": 8004.9000000000015,
        "total_return_pct": 80.04900000000002,
        "num_trades": 112,
        "win_rate": 45.535714285714285,
        "avg_win": 474.2003921568628,
        "avg_loss": -265.2347540983606,
        "sharpe_ratio": 2.219176285065707,
        "max_drawdown_pct": 32.70445190427066,
        "profit_factor": 1.7878516477558164
      }
    }
  },
  "signals": {
    "A": [
      {
        "ticker": "UBS",
        "action": "Long",
        "allocation_usd": 10000,
        "sl_factor": 0.4,
        "z_score": 0.09,
        "prev_return_pct": null,
        "vol_ratio": 1.41,
        "ticker_group": "BIG + ETF"
      },
      {
        "ticker": "NWG",
        "action": "Long",
        "allocation_usd": 10000,
        "sl_factor": 0.4,
        "z_score": 0.09,
        "prev_return_pct": null,
        "vol_ratio": 1.28,
        "ticker_group": "BIG + ETF"
      },
      {
        "ticker": "AMX",
        "action": "Long",
        "allocation_usd": 10000,
        "sl_factor": 0.4,
        "z_score": 0.09,
        "prev_return_pct": null,
        "vol_ratio": 0.57,
        "ticker_group": "BIG + ETF"
      }
    ],
    "B": [
      {
        "ticker": "CFRUY",
        "action": "Long",
        "allocation_usd": 10000,
        "sl_factor": 3.2,
        "z_score": 0.14,
        "prev_return_pct": null,
        "vol_ratio": 1.54,
        "ticker_group": "BIG + ETF"
      },
      {
        "ticker": "LLY",
        "action": "Long",
        "allocation_usd": 10000,
        "sl_factor": 0.4,
        "z_score": 0.13,
        "prev_return_pct": null,
        "vol_ratio": 2.07,
        "ticker_group": "BIG + ETF"
      },
      {
        "ticker": "UL",
        "action": "Long",
        "allocation_usd": 10000,
        "sl_factor": 0.4,
        "z_score": 0.13,
        "prev_return_pct": null,
        "vol_ratio": 2.5,
        "ticker_group": "BIG + ETF"
      }
    ],
    "V": [
      {
        "ticker": "PUGBY",
        "action": "Long",
        "allocation_usd": 10000,
        "sl_factor": 1.6,
        "z_score": 0.3,
        "prev_return_pct": null,
        "vol_ratio": 0.43,
        "ticker_group": "SMALL"
      },
      {
        "ticker": "ARNNY",
        "action": "Long",
        "allocation_usd": 10000,
        "sl_factor": 1.6,
        "z_score": 0.29,
        "prev_return_pct": null,
        "vol_ratio": 0.62,
        "ticker_group": "SMALL"
      },
      {
        "ticker": "EDPFY",
        "action": "Long",
        "allocation_usd": 10000,
        "sl_factor": 1.6,
        "z_score": 0.18,
        "prev_return_pct": null,
        "vol_ratio": 1.05,
        "ticker_group": "SMALL"
      }
    ],
    "M": [
      {
        "ticker": "SBAC",
        "action": "Long",
        "allocation_usd": 10000,
        "sl_factor": 3.2,
        "z_score": null,
        "prev_return_pct": 19.02,
        "vol_ratio": 1.04,
        "ticker_group": "SMALL"
      },
      {
        "ticker": "ASTS",
        "action": "Long",
        "allocation_usd": 10000,
        "sl_factor": 1.6,
        "z_score": null,
        "prev_return_pct": 16.94,
        "vol_ratio": 0.97,
        "ticker_group": "SMALL"
      },
      {
        "ticker": "NBIS",
        "action": "Long",
        "allocation_usd": 10000,
        "sl_factor": 0.8,
        "z_score": null,
        "prev_return_pct": 12.87,
        "vol_ratio": 0.8,
        "ticker_group": "SMALL"
      }
    ]
  },
  "equity": {
    "A": [
      {
        "date": "2026-02-04",
        "equity": 10223.69
      },
      {
        "date": "2026-02-05",
        "equity": 10148.22
      },
      {
        "date": "2026-02-06",
        "equity": 10481.13
      },
      {
        "date": "2026-02-09",
        "equity": 10206.79
      },
      {
        "date": "2026-02-10",
        "equity": 10245.09
      },
      {
        "date": "2026-02-11",
        "equity": 10426.64
      },
      {
        "date": "2026-02-12",
        "equity": 10131.24
      },
      {
        "date": "2026-02-13",
        "equity": 10159.72
      },
      {
        "date": "2026-02-17",
        "equity": 10320.54
      },
      {
        "date": "2026-02-18",
        "equity": 9739.3
      },
      {
        "date": "2026-02-19",
        "equity": 9758.81
      },
      {
        "date": "2026-02-20",
        "equity": 9954.86
      },
      {
        "date": "2026-02-23",
        "equity": 10139.63
      },
      {
        "date": "2026-02-24",
        "equity": 10144.94
      },
      {
        "date": "2026-02-25",
        "equity": 10307.57
      },
      {
        "date": "2026-02-26",
        "equity": 10100.67
      },
      {
        "date": "2026-02-27",
        "equity": 9894.49
      },
      {
        "date": "2026-03-02",
        "equity": 10268.6
      },
      {
        "date": "2026-03-03",
        "equity": 10666.57
      },
      {
        "date": "2026-03-04",
        "equity": 10929.57
      },
      {
        "date": "2026-03-05",
        "equity": 10829.24
      },
      {
        "date": "2026-03-06",
        "equity": 11313.46
      },
      {
        "date": "2026-03-09",
        "equity": 11729.39
      },
      {
        "date": "2026-03-10",
        "equity": 11335.64
      },
      {
        "date": "2026-03-11",
        "equity": 11346.45
      },
      {
        "date": "2026-03-12",
        "equity": 11241.56
      },
      {
        "date": "2026-03-13",
        "equity": 10987.7
      },
      {
        "date": "2026-03-16",
        "equity": 11084.47
      },
      {
        "date": "2026-03-17",
        "equity": 10884.17
      },
      {
        "date": "2026-03-18",
        "equity": 10460.28
      },
      {
        "date": "2026-03-19",
        "equity": 10596.0
      },
      {
        "date": "2026-03-20",
        "equity": 9927.28
      },
      {
        "date": "2026-03-23",
        "equity": 10602.74
      },
      {
        "date": "2026-03-24",
        "equity": 11336.53
      },
      {
        "date": "2026-03-25",
        "equity": 11151.9
      },
      {
        "date": "2026-03-26",
        "equity": 10766.33
      },
      {
        "date": "2026-03-27",
        "equity": 10559.82
      },
      {
        "date": "2026-03-30",
        "equity": 10410.55
      },
      {
        "date": "2026-03-31",
        "equity": 10162.26
      },
      {
        "date": "2026-04-01",
        "equity": 10151.67
      },
      {
        "date": "2026-04-02",
        "equity": 10942.7
      }
    ],
    "B": [
      {
        "date": "2026-02-04",