{
  "timestamp": "2026-02-17T23:20:16.493021",
  "strategies": {
    "A": {
      "name": "Mean Reversion",
      "metrics": {
        "total_profit": 320.54,
        "total_return_pct": 3.2054,
        "num_trades": 30,
        "win_rate": 66.66666666666666,
        "avg_win": 73.07399999999998,
        "avg_loss": -114.09400000000001,
        "sharpe_ratio": 1.5848398395813708,
        "max_drawdown_pct": 4.937183307713638,
        "profit_factor": 0.6404718915981558
      }
    },
    "B": {
      "name": "Volume Breakout",
      "metrics": {
        "total_profit": -1343.67,
        "total_return_pct": -13.436700000000002,
        "num_trades": 30,
        "win_rate": 40.0,
        "avg_win": 160.2175,
        "avg_loss": -181.46,
        "sharpe_ratio": -3.469777938914771,
        "max_drawdown_pct": 14.400719101479135,
        "profit_factor": 0.8829356331973989
      }
    },
    "V": {
      "name": "Trend Breakout",
      "metrics": {
        "total_profit": 1266.3600000000001,
        "total_return_pct": 12.663600000000002,
        "num_trades": 30,
        "win_rate": 63.33333333333333,
        "avg_win": 144.82368421052632,
        "avg_loss": -135.02636363636364,
        "sharpe_ratio": 3.4034809246430617,
        "max_drawdown_pct": 9.11259112591126,
        "profit_factor": 1.0725585753056908
      }
    },
    "M": {
      "name": "Momentum",
      "metrics": {
        "total_profit": 7068.7,
        "total_return_pct": 70.687,
        "num_trades": 25,
        "win_rate": 56.00000000000001,
        "avg_win": 673.0592857142857,
        "avg_loss": -214.0118181818182,
        "sharpe_ratio": 7.524728471324444,
        "max_drawdown_pct": 9.43957064840574,
        "profit_factor": 3.144963168073616
      }
    }
  },
  "signals": {
    "A": [
      {
        "ticker": "NGG",
        "action": "Long",
        "allocation_usd": 10000,
        "sl_factor": 3.2,
        "z_score": 0.22,
        "prev_return_pct": null,
        "vol_ratio": 2.76,
        "ticker_group": "BIG + ETF"
      },
      {
        "ticker": "TAK",
        "action": "Long",
        "allocation_usd": 10000,
        "sl_factor": 1.6,
        "z_score": 0.17,
        "prev_return_pct": null,
        "vol_ratio": 0.85,
        "ticker_group": "BIG + ETF"
      },
      {
        "ticker": "AMT",
        "action": "Long",
        "allocation_usd": 10000,
        "sl_factor": 3.2,
        "z_score": 0.1,
        "prev_return_pct": null,
        "vol_ratio": 0.97,
        "ticker_group": "BIG + ETF"
      }
    ],
    "B": [
      {
        "ticker": "RELX",
        "action": "Long",
        "allocation_usd": 10000,
        "sl_factor": 0.4,
        "z_score": 0.19,
        "prev_return_pct": null,
        "vol_ratio": 1.69,
        "ticker_group": "BIG + ETF"
      },
      {
        "ticker": "LIN",
        "action": "Long",
        "allocation_usd": 10000,
        "sl_factor": 1.6,
        "z_score": 0.11,
        "prev_return_pct": null,
        "vol_ratio": 1.57,
        "ticker_group": "BIG + ETF"
      },
      {
        "ticker": "UL",
        "action": "Long",
        "allocation_usd": 10000,
        "sl_factor": 0.4,
        "z_score": 0.11,
        "prev_return_pct": null,
        "vol_ratio": 1.79,
        "ticker_group": "BIG + ETF"
      }
    ],
    "V": [
      {
        "ticker": "NCLTY",
        "action": "Long",
        "allocation_usd": 10000,
        "sl_factor": 3.2,
        "z_score": 0.22,
        "prev_return_pct": null,
        "vol_ratio": 0.73,
        "ticker_group": "SMALL"
      },
      {
        "ticker": "UUGRY",
        "action": "Long",
        "allocation_usd": 10000,
        "sl_factor": 3.2,
        "z_score": 0.2,
        "prev_return_pct": null,
        "vol_ratio": 1.74,
        "ticker_group": "SMALL"
      },
      {
        "ticker": "RDEIY",
        "action": "Long",
        "allocation_usd": 10000,
        "sl_factor": 3.2,
        "z_score": 0.17,
        "prev_return_pct": null,
        "vol_ratio": 0.18,
        "ticker_group": "SMALL"
      }
    ],
    "M": [
      {
        "ticker": "NJDCY",
        "action": "Long",
        "allocation_usd": 10000,
        "sl_factor": 0.4,
        "z_score": null,
        "prev_return_pct": 22.7,
        "vol_ratio": 0.38,
        "ticker_group": "SMALL"
      },
      {
        "ticker": "WING",
        "action": "Long",
        "allocation_usd": 10000,
        "sl_factor": 3.2,
        "z_score": null,
        "prev_return_pct": 12.79,
        "vol_ratio": 1.51,
        "ticker_group": "SMALL"
      },
      {
        "ticker": "CNH",
        "action": "Long",
        "allocation_usd": 10000,
        "sl_factor": 0.4,
        "z_score": null,
        "prev_return_pct": 9.17,
        "vol_ratio": 1.54,
        "ticker_group": "SMALL"
      }
    ]
  },
  "equity": {
    "A": [
      {
        "date": "2026-02-04",
        "equity": 10223.69
      },
      {
        "date": "2026-02-05",
        "equity": 10148.22
      },
      {
        "date": "2026-02-06",
        "equity": 10481.13
      },
      {
        "date": "2026-02-09",
        "equity": 10206.79
      },
      {
        "date": "2026-02-10",
        "equity": 10245.09
      },
      {
        "date": "2026-02-11",
        "equity": 10426.64
      },
      {
        "date": "2026-02-12",
        "equity": 10131.24
      },
      {
        "date": "2026-02-13",
        "equity": 10159.72
      },
      {
        "date": "2026-02-17",
        "equity": 10320.54
      }
    ],
    "B": [
      {
        "date": "2026-02-04",
        "equity": 9854.95
      },
      {
        "date": "2026-02-05",
        "equity": 9611.16
      },
      {
        "date": "2026-02-06",
        "equity": 9423.96
      },
      {
        "date": "2026-02-09",
        "equity": 9525.54
      },
      {
        "date": "2026-02-10",
        "equity": 9881.98
      },
      {
        "date": "2026-02-11",
        "equity": 9875.26
      },
      {
        "date": "2026-02-12",
        "equity": 9624.72
      },
      {
        "date": "2026-02-13",
        "equity": 9382.86
      },
      {
        "date": "2026-02-17",
        "equity": 8656.33
      }
    ],
    "V": [
      {
        "date": "2026-02-04",
        "equity": 9799.16
      },
      {
        "date": "2026-02-05",
        "equity": 9920.44
      },
      {
        "date": "2026-02-06",
        "equity": 10105.91
      },
      {
        "date": "2026-02-09",
        "equity": 10444.34
      },
      {
        "date": "2026-02-10",
        "equity": 10165.12
      },
      {
        "date": "2026-02-11",
        "equity": 10110.51
      },
      {
        "date": "2026-02-12",
        "equity": 9492.59
      },
      {
        "date": "2026-02-13",
        "equity": 11144.28
      },
      {
        "date": "2026-02-17",
        "equity": 11266.36
      }
    ],
    "M": [
      {
        "date": "2026-02-04",
        "equity": 11024.63
      },
      {
        "date": "2026-02-05",
        "equity": 14892.66
      },
      {
        "date": "2026-02-06",
        "equity": 15431.03
      },
      {
        "date": "2026-02-09",
        "equity": 16065.03
      },
      {
        "date": "2026-02-10",
        "equity": 15591.44
      },
      {
        "date": "2026-02-11",
        "equity": 14731.16
      },
      {
        "date": "2026-02-12",
        "equity": 14770.59
      },
      {
        "date": "2026-02-13",
        "equity": 17092.42
      },
      {
        "date": "2026-02-17",
        "equity": 17068.7
      }
    ]
  }
}