{
  "timestamp": "2026-03-23T23:22:37.455296",
  "strategies": {
    "A": {
      "name": "Mean Reversion",
      "metrics": {
        "total_profit": 602.7399999999998,
        "total_return_pct": 6.027399999999998,
        "num_trades": 102,
        "win_rate": 58.82352941176471,
        "avg_win": 102.89150000000001,
        "avg_loss": -132.63690476190476,
        "sharpe_ratio": 0.6406372746680354,
        "max_drawdown_pct": 15.742980477230798,
        "profit_factor": 0.7757380963066015
      }
    },
    "B": {
      "name": "Volume Breakout",
      "metrics": {
        "total_profit": -3885.1200000000003,
        "total_return_pct": -38.851200000000006,
        "num_trades": 102,
        "win_rate": 38.23529411764706,
        "avg_win": 133.7084615384615,
        "avg_loss": -144.44047619047623,
        "sharpe_ratio": -3.4946811929666417,
        "max_drawdown_pct": 43.95942891159759,
        "profit_factor": 0.9256993957991233
      }
    },
    "V": {
      "name": "Trend Breakout",
      "metrics": {
        "total_profit": 1335.0200000000002,
        "total_return_pct": 13.350200000000001,
        "num_trades": 102,
        "win_rate": 54.90196078431373,
        "avg_win": 154.11607142857142,
        "avg_loss": -158.5973913043478,
        "sharpe_ratio": 0.905436915797437,
        "max_drawdown_pct": 18.80577300277429,
        "profit_factor": 0.9717440505236511
      }
    },
    "M": {
      "name": "Momentum",
      "metrics": {
        "total_profit": 3060.1800000000007,
        "total_return_pct": 30.601800000000008,
        "num_trades": 85,
        "win_rate": 43.529411764705884,
        "avg_win": 414.1781081081082,
        "avg_loss": -255.50854166666667,
        "sharpe_ratio": 1.2651156483337485,
        "max_drawdown_pct": 26.56431313041149,
        "profit_factor": 1.6209951550208441
      }
    }
  },
  "signals": {
    "A": [
      {
        "ticker": "ARM",
        "action": "Long",
        "allocation_usd": 10000,
        "sl_factor": 0.6,
        "z_score": 0.12,
        "prev_return_pct": null,
        "vol_ratio": 2.9,
        "ticker_group": "BIG + ETF"
      },
      {
        "ticker": "DELL",
        "action": "Long",
        "allocation_usd": 10000,
        "sl_factor": 3.2,
        "z_score": 0.11,
        "prev_return_pct": null,
        "vol_ratio": 2.27,
        "ticker_group": "BIG + ETF"
      },
      {
        "ticker": "PTCAY",
        "action": "Long",
        "allocation_usd": 10000,
        "sl_factor": 0.4,
        "z_score": 0.0,
        "prev_return_pct": null,
        "vol_ratio": 1.0,
        "ticker_group": "BIG + ETF"
      }
    ],
    "B": [
      {
        "ticker": "MGCLY",
        "action": "Short",
        "allocation_usd": 10000,
        "sl_factor": 3.2,
        "z_score": 0.31,
        "prev_return_pct": null,
        "vol_ratio": 5.09,
        "ticker_group": "BIG + ETF"
      },
      {
        "ticker": "ORLY",
        "action": "Short",
        "allocation_usd": 10000,
        "sl_factor": 3.2,
        "z_score": 0.2,
        "prev_return_pct": null,
        "vol_ratio": 1.67,
        "ticker_group": "BIG + ETF"
      },
      {
        "ticker": "^GSPC",
        "action": "Short",
        "allocation_usd": 10000,
        "sl_factor": 3.2,
        "z_score": 0.19,
        "prev_return_pct": null,
        "vol_ratio": 1.68,
        "ticker_group": "BIG + ETF"
      }
    ],
    "V": [
      {
        "ticker": "FFIV",
        "action": "Long",
        "allocation_usd": 10000,
        "sl_factor": 3.2,
        "z_score": 0.04,
        "prev_return_pct": null,
        "vol_ratio": 3.63,
        "ticker_group": "SMALL"
      },
      {
        "ticker": "YPF",
        "action": "Long",
        "allocation_usd": 10000,
        "sl_factor": 0.8,
        "z_score": 0.03,
        "prev_return_pct": null,
        "vol_ratio": 2.43,
        "ticker_group": "SMALL"
      },
      {
        "ticker": "MTZ",
        "action": "Long",
        "allocation_usd": 10000,
        "sl_factor": 3.2,
        "z_score": 0.01,
        "prev_return_pct": null,
        "vol_ratio": 1.81,
        "ticker_group": "SMALL"
      }
    ],
    "M": [
      {
        "ticker": "AGI",
        "action": "Long",
        "allocation_usd": 10000,
        "sl_factor": 1.6,
        "z_score": null,
        "prev_return_pct": 6.19,
        "vol_ratio": 2.16,
        "ticker_group": "SMALL"
      },
      {
        "ticker": "PUGBY",
        "action": "Long",
        "allocation_usd": 10000,
        "sl_factor": 3.2,
        "z_score": null,
        "prev_return_pct": 5.63,
        "vol_ratio": 0.16,
        "ticker_group": "SMALL"
      },
      {
        "ticker": "FN",
        "action": "Long",
        "allocation_usd": 10000,
        "sl_factor": 1.6,
        "z_score": null,
        "prev_return_pct": 5.35,
        "vol_ratio": 1.53,
        "ticker_group": "SMALL"
      }
    ]
  },
  "equity": {
    "A": [
      {
        "date": "2026-02-04",
        "equity": 10223.69
      },
      {
        "date": "2026-02-05",
        "equity": 10148.22
      },
      {
        "date": "2026-02-06",
        "equity": 10481.13
      },
      {
        "date": "2026-02-09",
        "equity": 10206.79
      },
      {
        "date": "2026-02-10",
        "equity": 10245.09
      },
      {
        "date": "2026-02-11",
        "equity": 10426.64
      },
      {
        "date": "2026-02-12",
        "equity": 10131.24
      },
      {
        "date": "2026-02-13",
        "equity": 10159.72
      },
      {
        "date": "2026-02-17",
        "equity": 10320.54
      },
      {
        "date": "2026-02-18",
        "equity": 9739.3
      },
      {
        "date": "2026-02-19",
        "equity": 9758.81
      },
      {
        "date": "2026-02-20",
        "equity": 9954.86
      },
      {
        "date": "2026-02-23",
        "equity": 10139.63
      },
      {
        "date": "2026-02-24",
        "equity": 10144.94
      },
      {
        "date": "2026-02-25",
        "equity": 10307.57
      },
      {
        "date": "2026-02-26",
        "equity": 10100.67
      },
      {
        "date": "2026-02-27",
        "equity": 9894.49
      },
      {
        "date": "2026-03-02",
        "equity": 10268.6
      },
      {
        "date": "2026-03-03",
        "equity": 10666.57
      },
      {
        "date": "2026-03-04",
        "equity": 10929.57
      },
      {
        "date": "2026-03-05",
        "equity": 10829.24
      },
      {
        "date": "2026-03-06",
        "equity": 11313.46
      },
      {
        "date": "2026-03-09",
        "equity": 11729.39
      },
      {
        "date": "2026-03-10",
        "equity": 11335.64
      },
      {
        "date": "2026-03-11",
        "equity": 11346.45
      },
      {
        "date": "2026-03-12",
        "equity": 11241.56
      },
      {
        "date": "2026-03-13",
        "equity": 10987.7
      },
      {
        "date": "2026-03-16",
        "equity": 11084.47
      },
      {
        "date": "2026-03-17",
        "equity": 10884.17
      },
      {
        "date": "2026-03-18",
        "equity": 10460.28
      },
      {
        "date": "2026-03-19",
        "equity": 10596.0
      },
      {
        "date": "2026-03-20",
        "equity": 9927.28
      },
      {
        "date": "2026-03-23",
        "equity": 10602.74
      }
    ],
    "B": [
      {
        "date": "2026-02-04",
        "equity": 9854.95
      },
      {
        "date": "2026-02-05",
        "equity": 9611.16
      },
      {
        "date": "2026-02-06",
        "equity": 9423.96
      },
      {
        "date": "2026-02-09",
        "equity": 9525.54
      },
      {
        "date": "2026-02-10",
        "equity": 9881.98
      },
      {
        "date": "2026-02-11",
        "equity": 9875.26
      },
      {
        "date": "2026-02-12",
        "equity": 9624.72
      },
      {
        "date": "2026-02-13",